"supplierID","supplierName","contactPerson","phone","email","address","city","state"
1,"Goyal-Pant","Ansh Yohannan","9782006231","ckala@loyal.com","553, Jaggi
Jaipur 875213","Morbi","Sikkim"
2,"Garg-Vig","Jyoti Roy","02784290978","vghosh@varghese.com","80, Kanda Ganj, Kamarhati 562791","Noida","West Bengal"
3,"Shetty-Sampath","Gaurika Kumer","+919334900080","guptadevika@nagar-deo.org","H.No. 934
Keer Zila, Jalandhar 871466","South Dumdum","Arunachal Pradesh"
4,"Vala-Chandra","Harshil Mammen","+915683002638","aadibhatt@trivedi-desai.net","53/230
Sachdeva Street, Bhind 535880","Bharatpur","Nagaland"
5,"Mani-Natt","Wahab Bose","06381307678","trivedizayyan@dar-kara.com","549
Tata
Siwan-781084","Mau","Andhra Pradesh"
6,"Kuruvilla, Ram and Misra","Samar Chaudhry","09873331667","yagnesh50@mohanty.com","H.No. 69
Khalsa Chowk
Suryapet-523763","Jorhat","West Bengal"
7,"Khatri and Sons","Wishi Chowdhury","06486087393","tellabaghyawati@pau.net","H.No. 99
Arya Ganj
Raichur 976831","Ahmednagar","Kerala"
8,"Choudhary, Kurian and Khatri","Leela Subramaniam","08049353045","azaan91@sura.com","H.No. 465
Uppal Circle
Hindupur 117835","Kolhapur","Rajasthan"
9,"Bumb-Menon","Ganga Halder","+917682194584","vihaan02@raj.com","72/75
Bhargava Nagar
Bhubaneswar-505224","Morena","Maharashtra"
10,"Bumb, Gopal and Sachdeva","Shaurya Rege","2676465292","fariqkale@khatri.biz","770, Sankar Ganj
Raurkela Industrial Township-214504","Sasaram","Gujarat"
11,"Sahni-Nagy","Zaitra Naik","+916967277103","panditchaman@parsa.com","H.No. 724
Sibal Marg, Dindigul 010708","Srikakulam","Meghalaya"
12,"Sangha-Tailor","Kashish Vyas","+910251725433","edhithachawla@bawa.info","016, Sule Zila
Vellore 630693","Gandhinagar","Uttar Pradesh"
13,"Tiwari, Bumb and Virk","Rishi Kuruvilla","0578452829","baghyawatibaria@menon-johal.com","H.No. 559, Chana Marg
Mirzapur-039699","Jamshedpur","Nagaland"
14,"Shah-Sha","Neel Gandhi","05745411018","yauvani58@upadhyay.com","H.No. 11
Bawa Ganj
Ichalkaranji 069090","Ballia","Haryana"
15,"Dhaliwal LLC","Jairaj Agate","2250095795","ekaja43@saha.info","34/10
Sani, Kirari Suleman Nagar-012032","Kakinada","Andhra Pradesh"
16,"Nagar-Narayan","Viraj Nori","07484715721","zaidnayak@mahal-chander.org","H.No. 691
Anne, Vijayanagaram 492482","Nagercoil","Tripura"
17,"Bali-Gole","Lavanya Arya","+912126404425","manbirgoswami@vora-rastogi.biz","671, Rama Ganj
Saharanpur-626122","Berhampur","Maharashtra"
18,"Balay and Sons","Chandani Halder","+911440636021","geradalaja@hans.net","71
Dani Zila, Chandrapur-706605","Mysore","West Bengal"
19,"Tella-Goyal","Isaiah Malhotra","07013140767","harshtrivedi@sankar-dhillon.info","62
Natarajan Path
Pudukkottai-856372","Vadodara","Tripura"
20,"Chatterjee and Sons","Aarini Rastogi","+916618871196","karaelijah@bajaj.info","47/862
Goyal, Tirunelveli-284931","Bijapur","Kerala"
21,"Sachdev-Mann","Devika Sachdeva","+911182092688","ldewan@kara.com","H.No. 379, Khosla Chowk
Visakhapatnam 052886","Sonipat","Punjab"
22,"Handa Group","Yashica Narayan","+917374029073","benjamintak@sekhon.biz","H.No. 987, Kulkarni Ganj, Nanded-445608","Sasaram","Sikkim"
23,"Bhandari, Sura and Raja","Ranbir Sinha","+912865789431","damyantigaba@kala.org","H.No. 43
Pathak Path, Parbhani-704693","Raurkela Industrial Township","Tripura"
24,"Parsa-Keer","Hredhaan Shan","6065341287","ramaswamycharles@anne-borra.org","H.No. 418
Loke Marg, Dhanbad-801650","Guntakal","Haryana"
25,"Parmer-Yogi","Pahal Ramesh","08444963808","fitanram@dara.org","62/31
Ganesan
Bidhannagar 272020","Saharanpur","Mizoram"
26,"Dugar PLC","Yashodhara Bhargava","00009745145","diyakadakia@kunda.com","22, Luthra Nagar, Nadiad 141697","Firozabad","Telangana"
27,"Subramanian-Bumb","Jonathan Barad","02837327741","girindra60@iyengar.com","23/528, Zachariah Street
Dewas 306765","Miryalaguda","Uttar Pradesh"
28,"Gour Inc","Banjeet Raju","+916936199740","ahegde@rajagopal.org","646
Goyal Marg
Chapra 350345","Pune","Goa"
29,"Baria, Desai and Dalal","Waida Wadhwa","+911713419573","dbassi@ramesh-dube.com","H.No. 969, Basak Ganj
Gandhidham-335136","Kurnool","Assam"
30,"Ganesan, Jhaveri and Dhaliwal","Shaurya Mand","08526506876","pbuch@thaman.info","53
Mahajan Nagar, Nandyal 560230","Indore","Uttar Pradesh"
31,"Bajaj, Khosla and Mallick","Suhani Nath","01200868353","qabil09@hora.com","21/05, Oza Road, Eluru 042499","Chapra","Manipur"
32,"Mall and Sons","Omya Natarajan","0380848630","damyantivala@kar.net","43/17, Sampath Zila, Ichalkaranji-983770","Ghaziabad","Tamil Nadu"
33,"Anand, Lata and Basak","Edhitha Setty","6526607401","rishi78@gade.com","H.No. 94, Chakrabarti Nagar
Khandwa 409760","Bhilwara","Jharkhand"
34,"Goel, Ganguly and Chandran","Gaurang Bains","+919298354870","manan30@rajagopal.net","H.No. 72
Seth Chowk, Bongaigaon-399990","Munger","Meghalaya"
35,"Sarma LLC","Qushi Chana","04998547134","logan35@lata.com","46, Tandon Chowk
Bhubaneswar-526214","Gudivada","Uttarakhand"
36,"Baral-Butala","Krishna Bhasin","7969239259","lkhosla@pant.com","90/319
Bobal Circle
Ghaziabad-909426","Loni","Tamil Nadu"
37,"Kaul, Bawa and Sagar","Kalpit Nagy","05779465777","wkuruvilla@mani.biz","25/85
Banerjee Nagar
Durg 328501","Raurkela Industrial Township","Punjab"
38,"Badami, Sarna and Sood","Chanakya Seth","+917799686696","unni43@dewan.com","92/67
Balakrishnan Marg, Hosur 734180","Junagadh","Madhya Pradesh"
39,"Chatterjee Ltd","Osha Khanna","9126838714","lbose@narain-prabhakar.com","H.No. 080
Comar, Shivpuri-456173","Raiganj","Karnataka"
40,"Ravi Inc","Zaitra Lall","05881242918","pooja33@goswami-atwal.com","H.No. 298
Mahal Road, Tezpur-426115","Surat","Goa"
41,"Patel-Bera","Ryan Sani","8159087537","dalaja89@walia-ganguly.com","22/503, Andra Street
Madhyamgram-300542","Uluberia","Goa"
42,"Sathe, Varghese and Gill","Neha Karan","08093245016","imarandave@loyal-nadkarni.org","13/46
Goel Path, Aurangabad-603081","Indore","Arunachal Pradesh"
43,"Lata, Goswami and Doctor","Adya Kala","0663401170","mbobal@sami-yadav.net","H.No. 20, Nigam Ganj
Bhopal 636149","Panipat","Uttarakhand"
44,"Prakash PLC","Ekapad Bhatti","06434552024","hitesh40@kala-bhalla.com","64, Rajagopal Nagar
Sagar 506763","Deoghar","Punjab"
45,"Arora, Bhargava and Nayar","Jatin Bala","08317936658","saumyajain@tak.net","98/117
Murthy Path, Mumbai-501074","Asansol","Meghalaya"
46,"Reddy-Buch","Meghana Pau","+918839894221","amara60@pandya.com","39/07
More Chowk
Kolhapur 753268","Amravati","Chhattisgarh"
47,"Sengupta Ltd","Naveen Chanda","+918089593366","sethinoah@khanna.com","69/446, Goda Street, Kirari Suleman Nagar-991549","Salem","Sikkim"
48,"Saran LLC","Gautam Dhawan","4033450717","xalaksarraf@sharaf.biz","64
Bakshi Ganj
Ahmedabad 304654","Surat","Jharkhand"
49,"Venkataraman and Sons","Rajata Gala","4725707650","jacob40@sood.biz","517, Dugal Path
Tirupati-500183","Kumbakonam","Rajasthan"
50,"Ahuja, Barad and Kamdar","Megha Mahal","+919163212794","bdyal@chaudry.com","H.No. 397, Devan Road, Karnal 553266","Bhalswa Jahangir Pur","Punjab"
51,"Ahuja Inc","Isaac Sarraf","09998732578","bahriakshay@borde.com","414
Dave Zila, Haldia-784011","Morena","Tripura"
52,"Sangha Ltd","Suhani Khanna","05003853327","nsabharwal@manne.com","372
Gupta Ganj
Bardhaman-138627","Aligarh","Andhra Pradesh"
53,"Rattan and Sons","Theodore Dani","06124507101","arunima36@nori-padmanabhan.org","389
Lala Zila, Tumkur-548011","Tiruppur","Andhra Pradesh"
54,"Kade PLC","Balendra Lad","+913642104355","nitaravarughese@khosla-ram.biz","H.No. 239, Kunda Ganj
North Dumdum 908362","Srinagar","Gujarat"
55,"Sarraf, Pau and Sule","Peter Bhakta","03647464335","chasmummukhopadhyay@rana.net","50
Dora Nagar
Nellore 446892","Visakhapatnam","Bihar"
56,"Srinivasan-Shenoy","Yochana Rattan","+919963464762","tpadmanabhan@dewan.com","H.No. 56
Parikh Nagar
Sikar-460318","Karimnagar","Arunachal Pradesh"
57,"Gupta-Sabharwal","Ansh Arora","2107847485","yashasvi72@barad.net","507
Zachariah Path
South Dumdum-718520","Gangtok","Karnataka"
58,"Barad, Saraf and Bose","Kritika Som","0088289255","kkari@dutt-rama.net","H.No. 73
Doctor Path
Dindigul-922378","Jaunpur","Jharkhand"
59,"Shere-Bajwa","Vamakshi Char","+917537292463","joshuamani@rama.biz","H.No. 02
Srivastava Zila
Avadi 743536","Agra","Punjab"
60,"Behl-Tripathi","Darpan Sahota","0097284766","psahni@balakrishnan.com","H.No. 76
Kata Nagar, Belgaum-100885","Adoni","Chhattisgarh"
61,"Deep-Kala","William Raghavan","04626713704","garima32@subramanian.org","50/22, Bhandari Nagar
Shahjahanpur-151165","Sikar","Telangana"
62,"Pau-Prakash","Libni Kar","6025447839","oshaagarwal@raman.com","40, Bajaj Ganj
Shimla 061499","Kakinada","Bihar"
63,"Sengupta, Lal and Mangat","Jeet Varughese","3500409941","gagandin@nagar-venkatesh.com","90/513
Comar Marg, Baranagar-848144","Hospet","Uttar Pradesh"
64,"Dugar, Mohan and Mall","Darsh Batta","9067713434","isharaf@warrior-kara.com","42/962
Chander Circle
Orai-740097","Alappuzha","Odisha"
65,"Tandon-Johal","Jai Ghose","05546849017","deshpandemegha@kaur-nanda.com","81/78, Bajwa
Karnal 788118","Ranchi","Punjab"
66,"Thakur, Madan and Parekh","Bhavya Jhaveri","0331190721","ychander@sachdeva.com","H.No. 703
Keer Marg
Mango 341527","Danapur","Chhattisgarh"
67,"Parmar-Tak","Sudiksha Barman","+913133296023","chanabaghyawati@sabharwal.org","35/365, Mani Zila
Dharmavaram 252710","Anand","Meghalaya"
68,"Radhakrishnan PLC","Faras Ramachandran","+914700396900","bbassi@palan.com","538
Rattan Ganj, Bihar Sharif 974963","Muzaffarpur","Haryana"
69,"Borde-Hayer","Brinda Andra","8628707007","csangha@seth.com","H.No. 647, Aggarwal Road
Serampore-561841","Phusro","Uttarakhand"
70,"Magar PLC","Yashasvi Agarwal","04729320832","ekbalsinha@kara.com","147, Oza Path
Dibrugarh-745720","Pune","Manipur"
71,"Palla, Talwar and Dhingra","Hamsini Chaudhari","4439794202","varenyakonda@issac-mandal.com","64, Basak Chowk
Kadapa-882160","Hubli–Dharwad","Haryana"
72,"Madan, Pai and Mani","Jairaj Master","05979486904","pranav10@batta-pant.com","H.No. 501
Muni Marg, Hajipur 836059","Anantapur","Mizoram"
73,"Kale-Wason","Reyansh Garde","+911914248650","jbajwa@de.com","25/92, Viswanathan Nagar, Sangli-Miraj & Kupwad 766824","Ambattur","Haryana"
74,"Walla, Virk and Bhat","Laban Ahluwalia","1765330552","deepachoudhary@kade.com","06/92
Chand Nagar, Gaya-123805","Sikar","Meghalaya"
75,"Bath-Raju","Dayita Kaul","5769695820","jyotiapte@bora.info","H.No. 437, Jayaraman Nagar, Siliguri-684718","Hajipur","Uttar Pradesh"
76,"Varty, Ram and Barad","Tara Bose","5373319503","pallajagat@bava-srivastava.net","44/374, Nigam Ganj
Bhilwara-080476","Sasaram","Kerala"
77,"Rout-Mani","Gayathri Mukhopadhyay","6963346753","gardedevika@guha.com","H.No. 94
Mukhopadhyay Marg, Khora -254401","Mathura","Himachal Pradesh"
78,"Madan LLC","Bhavika Ahuja","7662933291","watikabava@seshadri.org","H.No. 67, Aggarwal Circle, Katihar-371290","Patna","Tamil Nadu"
79,"Oza-Rama","Karan Shanker","6134949952","sahotasamar@chauhan-shanker.org","H.No. 292, Bhatti Chowk
Kochi-885228","Kozhikode","Sikkim"
80,"Mammen-Chacko","Praneel Desai","4319518780","godakrishna@deo.com","96/95, Sama Circle, Korba-948893","Kakinada","Gujarat"
81,"Buch-Banerjee","David Pandit","03563283926","kapuroviya@mani.biz","H.No. 655, Raj Street, Raurkela Industrial Township 643876","Jodhpur","Odisha"
82,"Sane Ltd","Ishita Venkataraman","04893125348","jgarg@sekhon.biz","227
Gour Street
Morbi-276186","Kalyan-Dombivli","Mizoram"
83,"Kashyap PLC","Widisha Bahri","04763555091","bakhshi67@oak.com","230
Bali Chowk
Tiruvottiyur 415084","Raurkela Industrial Township","Manipur"
84,"Dhawan-Anand","Garima Mittal","03732883198","lnazareth@dixit.com","H.No. 170, Naik
Kakinada-978250","Warangal","Uttar Pradesh"
85,"Prasad, Raju and Kala","Jai Chauhan","05049954888","jbose@wali-sandal.net","58, Mukherjee Marg, Karaikudi-448990","Ahmedabad","Punjab"
86,"Shenoy Inc","Unnati Menon","0138570318","ekbal18@sagar.com","12/784
Kara Path, Chinsurah 677817","Faridabad","Mizoram"
87,"Buch, Shah and Sampath","Kevin Thakkar","+911269534759","mukherjeeamruta@grover-chahal.com","43/976
Kade Path
Siliguri 903757","Chittoor","Kerala"
88,"Mangal-Rattan","Yashica Puri","+916039022440","ywali@ramaswamy-sur.net","H.No. 753, Contractor Circle
Karimnagar-409139","Kharagpur","Manipur"
89,"Dara PLC","Yuvraj Balakrishnan","2218281309","isaac31@palla.biz","91/797
Biswas Street
Surendranagar Dudhrej 314538","Bathinda","Bihar"
90,"Mangal, Ganesan and Ranganathan","Veer Kalla","06735076245","wcherian@ramesh-wali.com","77/49, Chand Ganj, Nanded 845393","Gurgaon","Mizoram"
91,"Goel, Singh and Pant","Falak Batra","00003871102","vihaannori@lata.net","97
Dhar
Muzaffarpur 000540","Nanded","Uttar Pradesh"
92,"Thaman Inc","Diya Vohra","+914987048139","kparikh@dash.com","666, Nagar, Jalgaon 699862","Nangloi Jat","Uttarakhand"
93,"Sanghvi, Mand and Varghese","Girik Goyal","09296526863","suhani59@sura-garde.biz","68/917
Tata Zila
Kanpur 424576","Mumbai","Goa"
94,"Aurora, Bose and Kumar","Ayushman Kashyap","+917925236761","watika79@issac-chad.com","54/34, Venkataraman Ganj, Ramgarh-073910","Kochi","Nagaland"
95,"Lad, Ganesh and Khanna","Xiti Lad","4729619251","aishanilad@kannan-pillay.org","H.No. 049, Bhardwaj Street
Thrissur 644615","Meerut","Goa"
96,"Sidhu, Bora and Bhattacharyya","Nidra Walla","+911775309777","tghose@modi-deol.biz","97/350
Gupta Road
Dindigul-975776","Kalyan-Dombivli","Meghalaya"
97,"Karan Group","Gavin Dugal","9973023823","xdeshpande@sur-nagar.com","H.No. 233
Mander Circle, Dindigul 679651","Tiruvottiyur","Chhattisgarh"
98,"Dada, Balasubramanian and Vasa","Chandresh Goel","0523996854","jdugar@dhillon.com","130
Biswas Marg
Hajipur-020259","Bijapur","Mizoram"
99,"Patla, Varma and Lala","Logan Bhalla","7793694343","brijeshbatra@arora.org","H.No. 686, Nadkarni Zila, Nagercoil 460253","Berhampur","Telangana"
100,"Parsa, Suresh and Bawa","Krish Chowdhury","+918201099953","lajita48@devi.com","505
Varghese Ganj, Kadapa-537569","Hazaribagh","Himachal Pradesh"
101,"Palan-Kari","Keya Badami","01930728284","shaurya42@kothari-sharaf.org","H.No. 69
Keer Circle, Howrah-001757","Amroha","Arunachal Pradesh"
102,"Kulkarni, Bhargava and Modi","Ekantika Dass","7668544479","saneupasna@chaudhuri.net","910
Ahuja Path, Bangalore-576997","Vasai-Virar","Gujarat"
103,"Natarajan and Sons","Leela Iyengar","06047851317","odikasoman@thakur.info","H.No. 12
Dhaliwal
Madurai-821579","Bhavnagar","Odisha"
104,"Anand-Kapadia","Kevin Boase","+919326535493","warda70@singh.info","52/38, Subramanian Zila, Kolhapur 728427","Kumbakonam","Telangana"
105,"Acharya LLC","Watika Dugal","09706447661","kalageorge@bava.com","190
Bala Marg
Vasai-Virar-626848","Aizawl","Rajasthan"
106,"Bath, Jayaraman and Wali","Arya Murthy","+919499595696","prasadchaman@bhardwaj-bora.info","511, Mani, Satna 154068","Gandhidham","Karnataka"
107,"Buch Group","Madhavi Dey","+910873178888","lben@nayak.biz","148
Hayre Ganj, Sirsa-193767","Pondicherry","Goa"
108,"Joshi, Sant and Banik","Triveni Choudhry","9851839017","sanyapai@babu.info","H.No. 82
Krish Ganj, Hindupur 061303","Anantapuram","Telangana"
109,"Parmer-Buch","Baghyawati Bhatia","+916582453092","cbaria@chawla-kar.com","04/930, Dar
Unnao-222741","Rajkot","Tripura"
110,"Dash-Puri","Chaitanya Lanka","+915247216276","hredhaanchopra@saraf-bhatti.net","38/05
Dara Street
Bangalore 587216","Chinsurah","Uttar Pradesh"
111,"Gandhi, Thakur and Bhargava","Nicholas Varkey","07464516472","atichandra@patla.com","07/48, Devan Nagar
Malegaon 314119","Srikakulam","Mizoram"
112,"Deol, Krishnamurthy and Srinivas","Dalaja Sidhu","03439184959","kkapadia@thakkar-chaudhary.com","98/28, Khurana Chowk
Giridih 731323","Anantapuram","Mizoram"
113,"Tak-Lall","Nathan Ramachandran","5716045691","dayitaaggarwal@viswanathan.info","20, Bhagat Marg, Surendranagar Dudhrej-799400","Panipat","Odisha"
114,"Suresh-Sood","Ekbal Kamdar","9496117163","pnair@chad.com","04/895
Handa Nagar, Lucknow 948454","Machilipatnam","Odisha"
115,"Hegde Ltd","Rehaan Parmer","+911142313147","aurorawarhi@gill.com","H.No. 27, Dara, Dehradun 329681","Amroha","Telangana"
116,"Biswas LLC","Bimala Saini","06718447491","abarad@raja.com","30/869, Dey Ganj
Tumkur-729421","Loni","Uttar Pradesh"
117,"Chand LLC","Jeremiah Ahuja","05006636429","joshuachawla@lal.com","H.No. 748
Lad Street
Tiruvottiyur 169893","Bhusawal","Assam"
118,"Kumar-Virk","Turvi Magar","+914138779653","joshuabasu@ganesh.info","H.No. 246, Vohra
Miryalaguda-098644","Sri Ganganagar","Goa"
119,"Ratti, Srivastava and Bera","Baghyawati Ramakrishnan","+914217034895","hemal29@mandal.com","71/820, Chandra Path
Malegaon 153761","Gandhinagar","Haryana"
120,"Natt LLC","Chandresh Kaul","00811421994","fariqyadav@arora.net","H.No. 38, Amble Nagar, Unnao 410603","Dhule","Tripura"
121,"Mitter LLC","Shaurya Natarajan","+910311342335","saanvi85@parsa.com","083, Nanda Chowk
Kalyan-Dombivli 175913","Ajmer","Meghalaya"
122,"Bansal, Shukla and Sahni","Chatura Grewal","+910326642891","udyati49@savant.com","744
Varty Marg, Phusro-442568","Alappuzha","Chhattisgarh"
123,"Memon-Suresh","Yahvi Morar","04785394679","ipant@sethi-deshmukh.biz","78, Ghosh Zila
Durgapur 451809","Tenali","Uttarakhand"
124,"Lal, Gara and Pall","Reyansh Chandran","07825237984","deepakapoor@sandal-vasa.com","H.No. 29
Dayal Chowk
Bangalore 065067","Nanded","Andhra Pradesh"
125,"Dubey-Natarajan","Warhi Boase","8594234455","samiharshil@balasubramanian.com","30/38
Uppal Circle
Kakinada-926051","Srinagar","Uttarakhand"
126,"Bora, Dara and Kala","Anika Badami","09400733178","andrew26@manne-bhatia.info","03/774, Kannan Path, Jaunpur-466125","Muzaffarpur","Maharashtra"
127,"Dara Inc","Chandresh Mangat","2382984441","pushti39@chawla-sur.com","84
Baral Zila
Dewas 217826","Dehri","Odisha"
128,"Bakshi LLC","Leena Parekh","5023185168","ridhi38@goyal.org","H.No. 04
Nigam Zila, Noida-825672","Purnia","Arunachal Pradesh"
129,"Krishna-Morar","Nathaniel Karan","01115781326","stata@palan.com","747, Gole Nagar, Morena 136704","Nagpur","Haryana"
130,"Rout, Tiwari and Narain","Gautam Agate","+911552435481","psanghvi@wable.org","65/732, Hora Path, Ozhukarai 482581","Guntakal","Uttarakhand"
131,"Pingle and Sons","Jackson Loyal","1351581143","meghanadani@basu.com","99/61, Cheema Circle, Ramagundam-968088","Bhatpara","Assam"
132,"Bains and Sons","Yagnesh Gill","05160648084","kannanyagnesh@dutt.com","95/94
Sani Nagar
Bhopal 620920","Purnia","Tripura"
133,"Babu and Sons","Zinal Johal","+914904811076","tanvi12@sagar-dua.org","701
Kale Chowk, Bettiah 932506","Avadi","West Bengal"
134,"Natt-Dugar","Bhavya Shenoy","02849648648","dixitdhruv@chawla.com","33
Prabhakar Street, Bareilly-004390","Ahmedabad","Goa"
135,"Borah, Contractor and Viswanathan","Daksha Kala","3014715514","nagijeevika@panchal.com","67/61
Mahajan Ganj, Saharanpur-490552","Tiruvottiyur","Bihar"
136,"Jaggi-Borde","Neel Kaul","+917093949156","mohanranveer@shan.com","851
Batta Zila, Sambhal-283634","Ludhiana","Tamil Nadu"
137,"Saha PLC","Anamika Kapoor","01281722871","pranit50@arya.com","24
Butala Marg
Bareilly-474350","Ghaziabad","Himachal Pradesh"
138,"Hora, Mand and Karnik","Vasatika Gour","06380323905","maanavpalla@kalla.com","H.No. 906
Patla Nagar, Jaipur 955326","Bidar","Kerala"
139,"Narang-Kade","Aishani Ghose","04134934090","zaid96@devi.org","56/84
Pingle Circle, Jhansi-409722","Solapur","Chhattisgarh"
140,"Gara-Bhatnagar","Tristan Vohra","4089119244","gsamra@sahni-bhagat.net","H.No. 80
Gera Zila
Vijayawada 638922","Kottayam","Telangana"
141,"Magar and Sons","Bina Agate","7404991694","darawarjas@sharaf-sundaram.info","628
Goswami Zila, Rajpur Sonarpur-918441","Arrah","Odisha"
142,"Rout, Subramanian and Kala","Gauri Bava","+916479248359","tarora@din-malhotra.info","816
Zachariah
Kalyan-Dombivli-672451","Jamnagar","Chhattisgarh"
143,"Bera LLC","Charita Sur","+917327252356","kabirkrishnamurthy@chadha.com","H.No. 00
Cheema Zila
Madhyamgram 492157","Kanpur","Nagaland"
144,"Thaman-Master","Panini Wagle","+911280057916","sneha60@ray-sachdev.biz","H.No. 818
Munshi Street, Khandwa 921570","Rewa","Tripura"
145,"D’Alia Group","Anthony Lad","2898992392","zwarrior@kaur-munshi.com","807
Bhatt Nagar
Jalandhar-507037","Varanasi","Tripura"
146,"Dhawan, Luthra and Murty","Yasti Thakur","+916643220942","tanayshroff@hora.net","H.No. 29, Parekh Ganj
Ambarnath-874886","Raiganj","Telangana"
147,"Cheema-Mital","Madhav Prabhu","7904289191","urmi74@parmar.biz","36/62, Chakrabarti
Bokaro 331796","Pimpri-Chinchwad","Assam"
148,"Brar Inc","Vincent Mane","+913501263382","janyamane@shah-purohit.com","H.No. 137, Kumer Chowk
Ambattur-874746","Agartala","Telangana"
149,"Raju-Choudhry","Rajeshri Sarin","+914438114248","aarush36@nayar-sura.com","03/167
Datta Road
Meerut-051255","Tiruchirappalli","Sikkim"
150,"Dhaliwal-Joshi","Umang Vohra","+915608730015","zashilsane@lal-sinha.info","368
Sachdeva Path
Thrissur 545409","Chandigarh","Tripura"
151,"Patla PLC","Elijah Chhabra","08304173582","fbuch@sarna-jha.com","30/08
Acharya Marg
Bhind-770035","Bhopal","Meghalaya"
152,"Gara, Swamy and Bala","Pahal Kamdar","5063217914","andrewradhakrishnan@goswami-singhal.com","H.No. 98
Varty Circle, Katihar-343278","Dhanbad","Tamil Nadu"
153,"Narang, Dhar and Sathe","Ekalinga Gaba","7624038858","prabhakartejas@seth-krishnamurthy.com","H.No. 83, Swaminathan Circle
Raipur-359904","Mau","Mizoram"
154,"Sharma Ltd","Pranit Grover","5937939958","aahana93@ravel-ganesh.com","H.No. 303
Raman, Gopalpur 262267","Baranagar","Karnataka"
155,"Chand-Chanda","Janya Sibal","+917071030785","fbahri@banerjee-khalsa.net","99/66, Kale
Burhanpur-443094","Bhopal","Tripura"
156,"Konda Group","Reva Minhas","+918298311259","eiravati92@walia.com","55/62
Mall Zila
Dharmavaram 309436","Cuttack","Kerala"
157,"Char LLC","Pahal Garg","1323942043","jradhakrishnan@dewan-sampath.com","70
Radhakrishnan Road, Nizamabad 329055","Danapur","Jharkhand"
158,"Hari and Sons","Priya Sane","9344410078","zachariahyatan@pandya.com","582
Munshi Nagar, Junagadh-432550","Jalandhar","Andhra Pradesh"
159,"Muni-Khurana","Arjun Kade","00424675919","watikapandya@khatri.org","H.No. 595
Mall Road, Bijapur-499835","Haldia","West Bengal"
160,"Kamdar, Pandey and Naik","Vamakshi Sandal","02853705023","imaranwagle@narain.biz","641, Radhakrishnan Ganj
Jalandhar-215584","Yamunanagar","Uttar Pradesh"
161,"Chada, Tara and Uppal","Warda Morar","01388346489","wridesh19@deshmukh-kant.com","244
Vyas, Madanapalle-299177","Nizamabad","Jharkhand"
162,"Ravel-Dube","Adya Kar","7966013943","divyabatra@ramakrishnan.com","43, Sane Street
Parbhani 258785","Solapur","West Bengal"
163,"Johal and Sons","Laban Bava","2105287582","mjaggi@kala-balay.com","40/802, Pathak, Pallavaram-047512","Gudivada","Uttarakhand"
164,"Soman, Divan and Trivedi","Shaurya Chada","05578846870","snehadoshi@gour.com","36/69
Kapadia Marg, Bhagalpur-387691","Nellore","Maharashtra"
165,"Sachdev Inc","Vedika Parmer","1739128270","ghosemadhavi@sood.com","44/93, Gokhale Circle, Dhanbad 876379","Rajpur Sonarpur","Arunachal Pradesh"
166,"Dayal, Wali and Sanghvi","Lekha Halder","+910584839286","hnagy@puri.com","87, Mammen Path
Tirupati-579305","Nagaon","Goa"
167,"Mittal, Khosla and Sarna","Zehaan Desai","02813561000","aadhya23@sarma.biz","181, Soni Chowk, Rampur 946031","Bhavnagar","Nagaland"
168,"Grover, Pathak and Rai","Samar Comar","+919672152260","iravi@dalia.net","216
Banerjee
Mumbai-618764","Bhiwani","Assam"
169,"Bhavsar Inc","Bishakha Balan","+911429529664","amore@sundaram.com","142, Walla Street
Jhansi 321347","Purnia","Sikkim"
170,"Deo, Patla and Chawla","Dalaja Kapadia","03862355980","nachiketthakur@golla-prakash.net","37, De Road
Udaipur 823536","Aurangabad","Arunachal Pradesh"
171,"Rau and Sons","Noah Ramaswamy","+918581557779","mbhatt@sura.com","82/04, Mani Marg, Tirupati 325706","Ambala","Gujarat"
172,"Bose, Rajagopal and Iyer","Saumya Patil","0832692360","enagar@issac.info","33/730
Tandon, Sri Ganganagar-622026","Avadi","Tripura"
173,"Jaggi-Dugar","Zansi Sant","1069466769","dhriti49@grover-dayal.com","92/455, Hegde Chowk, Miryalaguda-368057","Rewa","Arunachal Pradesh"
174,"Pandey Inc","George Chander","+914886089427","anayramanathan@saha.com","H.No. 322
Virk, Sasaram 475941","Allahabad","Jharkhand"
175,"Varughese-Dyal","Yashodhara Setty","+917793411457","amairaraju@oza-mukhopadhyay.com","32/47
Samra Street, Raiganj 219926","Chittoor","Bihar"
176,"Bhardwaj LLC","Shravya Kant","7501708922","sachdevaneel@menon-rao.com","05/38
Sundaram Path, Thoothukudi-769909","Tirunelveli","Gujarat"
177,"Gala, Gade and Bhatia","Faqid Pingle","00589594314","chasmum65@mistry-kapoor.biz","78/394, Arya Nagar, Panchkula-414069","Hindupur","Andhra Pradesh"
178,"Munshi Ltd","Ojas Choudhury","04814783038","gkrishnamurthy@bawa-agrawal.com","07/516
Grewal Road, Erode-843657","Agra","Jharkhand"
179,"Soni, Issac and Srinivasan","Amruta Chaudhary","09646533283","everma@jani.net","H.No. 003
Mander Zila
Tiruppur-915951","Sambalpur","Chhattisgarh"
180,"Chada, Bhalla and Sanghvi","Jacob Sarraf","+914417082326","mangatbachittar@sastry.com","70/225
Nagar Marg
Ahmedabad 317809","Motihari","Sikkim"
181,"Devan and Sons","Amrita Dewan","00809090018","dbajwa@dhar.com","31/641
Wagle Chowk
Tezpur 980594","Nadiad","Meghalaya"
182,"Mitra-Banerjee","Ekbal Parikh","+910452623377","kapadiaadvika@sandhu-mittal.com","835
Acharya Chowk, Kulti-824310","Meerut","Telangana"
183,"Kara, Chaudhary and Dara","Chavvi Tak","04698233416","adityasangha@parsa.com","H.No. 58
Mann Street, Jehanabad 177325","Srikakulam","Nagaland"
184,"Hegde Group","Ishaan Mander","2347790249","bawagagan@ramachandran.com","H.No. 87, Ratta
Korba 845803","Vasai-Virar","Madhya Pradesh"
185,"Ghose-Parsa","Bhanumati Dhar","0089442379","chadforum@padmanabhan.com","25
Sharaf Marg
Korba-034800","Ranchi","Nagaland"
186,"Ganguly and Sons","Vasudha Sahni","0219803245","devanshkapadia@kumer.com","700
Contractor Chowk, Vellore-232051","Bhubaneswar","Tamil Nadu"
187,"Misra-Deshpande","Veda Desai","05453896472","mmajumdar@mander.com","14
Balasubramanian Path
Kirari Suleman Nagar 385769","Warangal","Rajasthan"
188,"Batta-Bava","Xiti Tiwari","0495231346","chamelitank@lad.com","92/889, Choudhury Zila
Muzaffarpur 317469","Vadodara","Goa"
189,"Sarma-Ganesh","Max Manne","5025674392","xkumer@pandey.com","78/45
Prasad Nagar, Alwar 594438","Nagpur","Tamil Nadu"
190,"Anne, Raman and Vig","Daniel Bansal","+911199783752","bavayochana@garg-mangal.com","H.No. 641
Barad Zila
Visakhapatnam-366815","Cuttack","Himachal Pradesh"
191,"Morar, Talwar and Deep","David Sachdeva","+918731719219","anay08@vig.com","910
Goel Chowk, Buxar 871921","Pune","Meghalaya"
192,"Bakshi-Ramakrishnan","Megha Goyal","7699377094","riya00@goyal.com","97/981
Uppal Path
Bulandshahr-787613","Kharagpur","Madhya Pradesh"
193,"Bakshi-Gaba","Vrishti Mitter","+914598272570","parmarjackson@sastry-chadha.com","14/706
Wason Road
Vadodara 491346","Bidar","Rajasthan"
194,"Nayak, Narasimhan and Aggarwal","Fitan Bal","01785896340","simon73@bora.biz","H.No. 43
Lala Path
Mysore 362093","Sagar","West Bengal"
195,"Sinha-Bose","Hemani Mahajan","08069645127","ybhatt@sem-halder.com","821, Sangha
Durg 127452","Aligarh","West Bengal"
196,"Agarwal, Datta and Arya","Niharika Narula","5607823765","zaidpandya@deshpande-sura.com","H.No. 18
Mahajan, Ambala 302451","New Delhi","Tamil Nadu"
197,"Chadha, Bail and Rout","Urishilla Sachdeva","+913505219700","ahujasamuel@majumdar.com","H.No. 293
Chatterjee Ganj, Alappuzha-491157","Vasai-Virar","Punjab"
198,"Naik PLC","Tarak Kapur","05658063907","opuri@wagle.net","434
Borde Chowk
Baranagar-251575","New Delhi","Punjab"
199,"Taneja, Borra and Balakrishnan","Amrita Borra","+915774458172","jhalak06@deo.com","43, Hegde Ganj, Tinsukia 323510","Jorhat","Tamil Nadu"
200,"Kumer, Krish and Goel","Jhalak Manne","+911467044315","eesha03@dua.org","95/986
Sawhney Road, Malda 548708","Sambalpur","Kerala"
201,"Shetty Group","Ansh Edwin","5961709875","yug81@prabhakar.com","548, Pau Zila, Panchkula-118495","Anantapuram","Haryana"
202,"Menon Ltd","Bishakha Kalla","00155388263","anushanarain@gulati.net","H.No. 887, Thakkar Road, Phagwara 183644","Anantapur","Mizoram"
203,"Vala Group","Advika Bal","02013082322","tamannapingle@padmanabhan-chaudhuri.net","H.No. 843
Lad Zila
Gopalpur-927136","Ghaziabad","Mizoram"
204,"Thakkar and Sons","Balhaar Talwar","7259359001","elijahzacharia@devan-bail.com","35/335, Nadkarni Street, Panchkula-978481","Hospet","Maharashtra"
205,"Saha PLC","Laksh Bumb","+919190709095","ylal@dalia-kannan.org","373, Bakshi Path, Shivpuri 126131","Baranagar","Arunachal Pradesh"
206,"Dhillon-Kumer","Michael De","07060915983","boraupadhriti@sen.net","H.No. 395, Khurana Street, Junagadh-451309","Lucknow","Tamil Nadu"
207,"Ray LLC","Ubika Cherian","+910596478772","omya99@ramaswamy.com","H.No. 340
Nadig Marg
Raurkela Industrial Township-247625","Gopalpur","Uttar Pradesh"
208,"Mander-Saha","Vedant Bal","05127690213","hyadav@muni.org","H.No. 31
Mitter Marg
Suryapet 150107","Jaipur","Manipur"
209,"Uppal, Padmanabhan and Korpal","Ronith Minhas","+911904754971","bgala@sabharwal.org","22/104
Trivedi Path
Haridwar 262318","Jalgaon","Assam"
210,"Mody, Kulkarni and Pant","Chaaya Gade","04080163206","brarkrishna@vig.biz","H.No. 029, Sani Zila, Junagadh-736602","Etawah","Arunachal Pradesh"
211,"Kapoor LLC","Ekaja Goel","+913868746946","sawhneyridhi@karan-sharma.biz","458
Karnik Zila, Bikaner-270256","Miryalaguda","Manipur"
212,"Narula and Sons","Eiravati Bhat","4805816612","vamakshi31@bala.org","06/701
Vig Road
Ahmednagar-522227","Khandwa","Telangana"
213,"Barman and Sons","Sathvik Ghosh","6054377070","sahavidhi@kapadia-borra.com","969, Choudhry, Tenali-129527","Korba","Himachal Pradesh"
214,"Seshadri-Dixit","Raksha Dugar","+911823608072","sethsuhani@kota-borde.com","79
Shan, Ramgarh 153446","Tiruchirappalli","Sikkim"
215,"Varty, Manne and Kalla","Warhi Srivastava","06325386900","idikaraman@lalla.info","H.No. 837, Sama
Bettiah 873618","Bijapur","Jharkhand"
216,"Thaman-Kumar","Yasti Nori","+918896932458","eshankar@lata.com","H.No. 68, Brar Zila, Arrah 511083","Gaya","Chhattisgarh"
217,"Amble LLC","Ria Jhaveri","+915041182138","odey@dey-palla.net","864
Rau Street
Karnal 058166","Dehradun","Assam"
218,"Bhat and Sons","Omisha Roy","+917964497875","bhanumatisrinivasan@pal-bath.info","H.No. 004
Saran Zila, Kottayam-339284","Eluru","Himachal Pradesh"
219,"Chada and Sons","Ayush Chaudhry","06385743904","yguha@varughese.com","H.No. 01, Hayre Marg, Naihati 747368","Machilipatnam","Arunachal Pradesh"
220,"Borde, Peri and Chander","Manbir Srivastava","0426532926","nigamnimrat@ratti.com","H.No. 197, Mannan Ganj, Durg-503510","Sonipat","Punjab"
221,"Bhandari-Vaidya","Hemangini Murty","+919939803693","abhiramkashyap@walia.com","80/771
Sama
Pondicherry 812052","Singrauli","Rajasthan"
222,"Rama LLC","Frado Sahota","+917405097978","vivaandas@tak.com","H.No. 351, Rout Road, Anand-543512","Rohtak","Andhra Pradesh"
223,"Din LLC","Dayamai Agate","+913444483522","mraman@jhaveri.net","24/39, Goda, Arrah-873308","Visakhapatnam","Madhya Pradesh"
224,"Panchal, Hayer and Naidu","Abhimanyu Agarwal","3427122375","daksheshchander@chauhan-venkataraman.com","H.No. 25
Walia Nagar, Kolkata-487139","Tirunelveli","Meghalaya"
225,"Sen-Sridhar","Aadhya Bawa","9221563695","murtyyasti@morar.com","78/13
Prabhu
Shahjahanpur-179379","Warangal","Maharashtra"
226,"Patil-Nayar","Gabriel Narain","+917240488899","umohanty@guha.biz","H.No. 84, Chad Road, Orai-311936","Chandrapur","Andhra Pradesh"
227,"Dixit-Verma","Kevin Mohanty","7452167669","xchoudhury@sawhney-gour.com","50/11
Goyal Ganj
Bidar 960088","Ranchi","Chhattisgarh"
228,"Ahuja, Pal and Varghese","Rehaan Sehgal","9389178139","ctailor@anand.com","49/66, Kari Street
Sagar 282993","Hubli–Dharwad","Tripura"
229,"Sheth-Buch","Gaurika Grover","+919825496133","kakarayushman@venkatesh.com","00, Mukhopadhyay Chowk
Hospet-720706","Varanasi","Sikkim"
230,"Gara, Taneja and Banik","Rehaan Bansal","+912384928705","sarmaleena@date-tank.com","05/927
Balay
Muzaffarnagar 213823","Bathinda","Himachal Pradesh"
231,"Magar LLC","Yahvi Yadav","00819455079","choudhuryudant@chada.com","38/954, Padmanabhan Zila
Saharanpur-495203","Karimnagar","Andhra Pradesh"
232,"Sachdeva-Rai","Krish Kara","9122416874","rajatakata@sathe.com","H.No. 59, Rajagopalan Marg
Arrah-787508","Burhanpur","Uttarakhand"
233,"Pall, Borde and Bail","Benjamin Borde","0420062567","deymekhala@agrawal-patil.com","22, Sangha
Sasaram-956039","Madurai","Meghalaya"
234,"Shetty PLC","Damini Dutt","6254858394","abhakta@karan.info","H.No. 454, Chawla Path, Tiruchirappalli 181679","Kakinada","Tamil Nadu"
235,"Khurana-Kothari","Amrita Bassi","06219326095","kabir67@balakrishnan-setty.org","815
Mann Path, Raichur 836834","Surat","Rajasthan"
236,"Naik, Bhargava and Hayer","Nidhi More","6851636461","daraomaja@mammen.com","015, Nadkarni Chowk, Hindupur-462119","Jehanabad","Goa"
237,"Rana, Mall and Vig","Charan Prakash","00084267390","psami@cheema.biz","H.No. 108
Dash Ganj, Uluberia-469336","Parbhani","Madhya Pradesh"
238,"Parmar PLC","Yug Sood","+910962392750","regeyatan@srivastava.biz","H.No. 03, Dhawan Nagar, Jammu 171149","Chittoor","Odisha"
239,"Bhandari Ltd","Amara Chad","+918671269303","xchand@sethi-om.com","H.No. 85, Oza Circle
Jamalpur 205709","Khora ","Jharkhand"
240,"Wagle-Seth","Jeremiah Ganesh","00381125222","sai86@badami-nadig.com","810
Apte Nagar
Saharsa-405613","Hospet","West Bengal"
241,"Palla-Bandi","Nakul Choudhry","0968597857","ekaniviswanathan@rattan.com","H.No. 73
Dora
Medininagar-558265","Noida","Himachal Pradesh"
242,"Mand-Narang","Jonathan Sankaran","+915506724668","gangathaker@doshi-puri.com","98
Bhagat Marg, Jamalpur-811413","Ludhiana","Madhya Pradesh"
243,"Saha and Sons","Yash Buch","09546105300","damini25@ghose.com","12/079
Mohan Zila, Mirzapur 320500","Barasat","Tamil Nadu"
244,"Mukhopadhyay Group","Luke Bajwa","+918899413361","bkapur@kadakia.com","037
Date Nagar
Jehanabad-801342","Pondicherry","Kerala"
245,"Bedi, Kohli and Agrawal","Shivansh Mani","07069970114","aarinichhabra@parmar.org","90/670
Sridhar Road
Visakhapatnam 680544","Vadodara","Maharashtra"
246,"Venkataraman-Dani","Geetika Parekh","+915810008683","wridesh22@grover-aurora.com","H.No. 603, Gade Chowk
Chennai-346967","Rajpur Sonarpur","Haryana"
247,"Dutt, Sahota and Rajan","Waida Borah","+915204040422","upasna56@dutt.com","H.No. 182
Seshadri Zila
Phagwara 073618","Bihar Sharif","Mizoram"
248,"Chana LLC","Dayita Saini","+913587797339","pahaldoshi@jhaveri-seshadri.net","48/16, Lal, Junagadh 266276","Sultan Pur Majra","Andhra Pradesh"
249,"Anne-Natarajan","Qarin Agarwal","4662720299","ekanigokhale@muni.net","09/477
Kapadia Street
Tiruppur-717626","Imphal","Chhattisgarh"
250,"Biswas Group","Amol Cherian","+915207332305","advaykhalsa@nagarajan.biz","05/098, Tak Circle
Bareilly-241046","Cuttack","Telangana"
251,"Dara-Basak","Baghyawati Karnik","08296486014","gopalamol@char.com","665, Arya Path, Madanapalle-995591","Danapur","Meghalaya"
252,"Kumar, Patla and Kanda","Siya Kibe","5330806066","divya44@sachar.com","16
Memon Circle
Mira-Bhayandar 812050","Jaunpur","Tamil Nadu"
253,"Jayaraman-Desai","Lakshit Gokhale","+916681542458","jbahri@desai-sridhar.biz","64/03, Modi Street, North Dumdum 316667","Kavali","Bihar"
254,"Patil, Lanka and Oommen","Vrishti Balakrishnan","+910879974436","krishnakothari@shukla-mahal.net","H.No. 016
Patil Road
Delhi-871235","Noida","Telangana"
255,"Brahmbhatt-Soman","Samuel Munshi","+913057793542","yagnesh08@garde-rai.biz","329
Thakkar, Mahbubnagar 590085","Bhubaneswar","Andhra Pradesh"
256,"Saran-Gaba","Eesha Zacharia","+919794806018","yahviahuja@divan.com","H.No. 27, Srinivasan Street
Yamunanagar 335846","Dehradun","Uttar Pradesh"
257,"Basu-Dhar","Jai Dewan","08027297509","wnaik@gade.com","539
Chaudhari Nagar, Kurnool-299225","Tinsukia","Telangana"
258,"Purohit, Shankar and Choudhary","Ansh Dhar","+912114000436","toorveda@singh-sundaram.com","46/42
Ravel, Mysore 469108","Raiganj","Telangana"
259,"Hayre-Kade","Upkaar Pai","+910726572269","hvirk@dutt-kalita.biz","60, Yogi Zila
Raichur-581247","Mira-Bhayandar","Bihar"
260,"Ghose, Kapur and Kara","Charan Bala","+910646240050","anay13@iyengar.org","H.No. 37, Bir Street
Noida-424661","Firozabad","Manipur"
261,"Ganguly-Mitter","Chanakya Munshi","06141578020","aarav00@murty-palla.com","232
Swaminathan
Gwalior-302189","Tirupati","Andhra Pradesh"
262,"Krishnamurthy and Sons","Neelima Chacko","3261767115","lilataneja@sanghvi-sankar.net","63
Subramanian Street, Bihar Sharif-907736","Dewas","Kerala"
263,"Naik Ltd","Balhaar Wason","+912937346310","iprabhu@nagar.biz","30/95
Wagle Ganj, Fatehpur 447136","Aurangabad","Odisha"
264,"Borah, Talwar and Varghese","Madhavi Mistry","08331301257","krishmason@soni-memon.com","689, Mutti Chowk
Anantapuram 741672","Guwahati","Bihar"
265,"Vala, Bahl and Date","Zaitra Rana","00892962741","dugalvanya@oza-parmar.org","49
Singhal Marg, Vasai-Virar 843236","Kozhikode","Karnataka"
266,"Krishnamurthy-Warrior","Ojas Varma","5798015068","borrawaida@mukhopadhyay.com","H.No. 438
Aggarwal Road, Firozabad 294947","Visakhapatnam","Manipur"
267,"Bahri, Bhatnagar and Brar","Chanakya Batra","02486953667","vigchaaya@sood.info","012, Varkey Path, Dehri-168363","Jhansi","Uttar Pradesh"
268,"Gaba, Guha and Dara","Jagat Murthy","+918453983313","thamanxiti@bains-hora.org","H.No. 077
Bora Circle
Kavali-114193","Adoni","Andhra Pradesh"
269,"Bhatnagar-Palan","Joshua Bassi","09148185335","devansh70@dhingra.com","480
Mittal Ganj
Siliguri 958605","Bhiwandi","Jharkhand"
270,"Bhakta, Som and Maharaj","Madhav Panchal","7242262404","shivansh24@yogi.com","88/032, Badami Zila
Chennai 043705","Coimbatore","Sikkim"
271,"Ray, Samra and Mani","Sai Pandya","+910219217220","aiyer@chopra.com","57, Prashad Circle
Ambala 975519","Bulandshahr","Nagaland"
272,"Kulkarni PLC","Aishani Sem","0670525439","ronith50@aurora.org","504
Dixit Path, Rohtak 079680","Pali","Andhra Pradesh"
273,"Kumar-Purohit","Bhavna Pillai","6777064683","gkunda@kade.com","26/52, Chaudhari Zila
Bidhannagar 950665","Bathinda","Goa"
274,"Aurora, Parmar and Natt","Yug Sehgal","8961856340","udutt@uppal.com","12/026, Kunda Chowk, Thoothukudi-834096","Asansol","Goa"
275,"Sinha, Lad and Banik","Ekiya Bhalla","2279024237","fsura@muni-lad.com","29/151, Issac Marg
Bally 168098","Bilaspur","Sikkim"
276,"Soni and Sons","Aditya Mitra","5747838080","jagatpradhan@prabhu.info","H.No. 47, Ramachandran Street
Aurangabad-830385","Panihati","Uttarakhand"
277,"Hora-Nayar","Hamsini Jani","05361968490","nkade@bose-sem.info","H.No. 583, Swamy Path
Guwahati 690014","Surendranagar Dudhrej","Maharashtra"
278,"Dua, Virk and Mallick","Siddharth Raju","1612958282","bchaudhry@sandhu-dey.com","56/96
Balan Road, Meerut-665286","Davanagere","Uttarakhand"
279,"Pal, Sibal and Shan","Indrajit Dewan","+916238451730","leena09@loyal.info","91/17
Mitra, Thane-669150","Bahraich","Kerala"
280,"Bath, Sood and Barad","Deepa Mani","07292425018","narulagirish@ganesan.org","H.No. 682, Choudhury Chowk, Amravati-586094","Allahabad","Uttar Pradesh"
281,"Sama and Sons","Reyansh Pal","07052656674","ddeep@borde-prabhu.net","75
Babu Road, Baranagar-505972","New Delhi","Maharashtra"
282,"Ravi-Prasad","Megha Iyengar","6756042331","madantamanna@bali-singhal.com","H.No. 382
Halder Chowk, Berhampore 856629","Bilaspur","Tripura"
283,"Bains, Agate and Baral","Sanaya Andra","9907299802","bhora@walia-babu.com","821
Kulkarni Zila, Bidar-238429","Jalgaon","Mizoram"
284,"Dani-Badami","Aarav Sathe","02411709560","bsaran@chaudhari.org","70
Tata Chowk
Noida 458363","Gaya","Gujarat"
285,"Dubey-Choudhury","Abdul Munshi","+913416028717","sai84@mann-sridhar.com","57/450, Divan Marg, Yamunanagar 575390","Durgapur","Nagaland"
286,"Vyas, Som and D’Alia","Ekapad Rege","03056366945","bmane@edwin.com","26/786
Roy Chowk
Udupi 030416","Kalyan-Dombivli","Mizoram"
287,"Pandit, Sura and Bandi","Jatin Bora","9038446279","quincy34@lad.org","09/99
Agate Ganj
Jalna 137964","Dibrugarh","Kerala"
288,"Kapur PLC","Urvashi Lata","08183080953","vtrivedi@patla.org","502
Chander Street, Saharsa-369496","Gurgaon","Maharashtra"
289,"Saha, Tata and Taneja","Zayan Ganesh","9812700456","sathvikperi@dubey.com","403
Raja Circle
Shahjahanpur 443985","Bidar","Madhya Pradesh"
290,"Aggarwal-Patla","Omya Brar","+917092329865","sarnakamya@yadav.biz","899
Kapur Zila, Kakinada 230741","Howrah","Punjab"
291,"Gupta-Bhasin","Ekanta Babu","+913415803744","dben@dalia-vora.com","57/35, Halder Road
Meerut-889903","Shahjahanpur","Bihar"
292,"Pau, Narasimhan and Goyal","Zehaan Kanda","+915504356536","trivedijeet@bhatnagar.com","01/708, Patla Ganj
Bidhannagar 572025","Mau","Jharkhand"
293,"Seth, Bobal and Dugal","Ati Mishra","2086554731","deolmitesh@acharya.info","38, Reddy Chowk, Vadodara-792249","Bhilwara","Goa"
294,"Pingle PLC","Bhavna Dhaliwal","01825493996","krishna97@dada.com","H.No. 94
Nigam Road, Jalna-939126","Erode","Nagaland"
295,"Bali, Amble and Barad","Amaira Ravi","07377123233","fkapoor@bala.com","93/81
Jha Ganj, Delhi-995853","Rewa","Himachal Pradesh"
296,"Majumdar, Munshi and Samra","Yashvi Prashad","+918280499325","labanshetty@sandhu.com","778, Sankar Street, Jalandhar 695833","Khandwa","Andhra Pradesh"
297,"Grover, Gokhale and Chaudry","Ekansh Dani","5554085832","devansh13@malhotra.info","04
Ram Ganj, Durgapur 732783","Anantapur","Rajasthan"
298,"Dass-Munshi","Chameli Chauhan","01257986260","paigopal@biswas-mannan.com","35, Baria Street, Dharmavaram-106643","Sagar","Haryana"
299,"Gaba-Agarwal","Aarini Randhawa","6527623388","grajan@sandhu-sanghvi.com","38/90
Sastry Circle, Bhavnagar 779939","Chapra","Odisha"
300,"Mitter-Bumb","Sara Naik","0889487393","suhani47@dewan.com","72, Srinivas Zila, Junagadh 886121","Coimbatore","Sikkim"
301,"Yadav, Sarma and Sarin","Gaurang Grover","1623434975","hbal@lad.biz","H.No. 861
Gaba Nagar, Mau-032144","Rajahmundry","Manipur"
302,"Shere-Bansal","Geetika More","+914497698960","kohliadvay@dube-dash.info","65/49
Lall, Kozhikode 101874","Davanagere","Arunachal Pradesh"
303,"Cherian, Nair and Chopra","Eshana Kari","4208306615","ndey@pandya.net","29, Halder Ganj, Kota-506034","Bidar","Assam"
304,"Vala PLC","Siddharth Mandal","01743764191","daraaarini@johal.biz","22/22
Radhakrishnan Zila
Eluru 019273","Amaravati","Gujarat"
305,"Pathak-Gill","Yasti Ravi","+913882387099","xbutala@som.org","H.No. 16, Bir Ganj, Kakinada-545245","Vadodara","Himachal Pradesh"
306,"Om LLC","Lipika Prakash","08701712882","chakrabartishravya@dada-mani.biz","H.No. 25, Lata, Nagercoil-853336","Mathura","Rajasthan"
307,"Gulati-Reddy","Netra Bora","00429723775","wahabpau@chaudhuri.org","594
Bhatia Marg, Gurgaon 590774","Adoni","Sikkim"
308,"Lata Inc","Oscar Sarna","05150935784","samuel32@saha-sunder.info","81/49, Barman Zila
Jaipur 824542","Miryalaguda","Jharkhand"
309,"Pradhan and Sons","Chaitanya Grewal","02685604903","alkamadan@batra.com","H.No. 073, Chokshi Zila
Tadipatri 679001","Morena","Bihar"
310,"Naidu LLC","Shivani Mani","6717322611","anamikasuresh@srivastava.biz","H.No. 446, Bansal Chowk, Bulandshahr-805004","Hospet","Mizoram"
311,"Sama Inc","Samarth Sathe","2263054698","edhithakohli@rai-kar.com","H.No. 510
Sandal Path, Arrah-115767","Ambala","Tamil Nadu"
312,"Khare LLC","Karan Ramakrishnan","00549112040","brijeshbuch@anne.org","31/354
Mani Marg, Adoni 460623","Nandyal","Bihar"
313,"Dada-Rajan","Zaitra Doshi","06409062504","prabhakarfrado@thaman-kakar.com","16/727, Pal Road, Tumkur 155430","Nanded","Madhya Pradesh"
314,"Gaba-Gola","Chandran Misra","+913114468650","gilljagdish@mangat-bora.net","74/937
Mall Zila
Ballia-221510","Bardhaman","Goa"
315,"Narayanan-Jayaraman","Zehaan Setty","+913991003515","dayalchaaya@kaur.info","H.No. 58, Deshmukh Zila
Karawal Nagar 500313","Baranagar","Punjab"
316,"Prabhakar-Khalsa","Nathaniel Dhillon","03553671512","oprashad@savant-agarwal.com","50/228
Sekhon Road, Gaya-394684","Saharanpur","Kerala"
317,"Ravel-Bahri","Zinal Hegde","+917052334482","devansh57@murty-hegde.com","11, Dhawan Street, Gaya-351330","Vadodara","Meghalaya"
318,"Choudhry LLC","Vyanjana Nagarajan","02260318507","bhavna43@nigam.biz","80
Behl Road
Narasaraopet 271054","Solapur","Telangana"
319,"Sahni Ltd","Janani Venkataraman","+917906011305","gbhatti@karpe.com","61, Loyal Zila, Serampore-026360","Surat","Arunachal Pradesh"
320,"Borah-Prashad","Chaitanya Luthra","00969007979","badaminitesh@rai-maharaj.com","48/437
Jain Ganj
Ratlam-606081","Bihar Sharif","Sikkim"
321,"Loyal Group","Nathaniel Datta","07335337028","onitalwar@dua-nayak.com","H.No. 29
Garde Path
Thane 199802","Dehradun","Odisha"
322,"Bhasin-Patel","Vidhi Shere","6937095299","adweta39@tripathi.net","95, Vaidya Street
Thane-961484","Ludhiana","Telangana"
323,"Banerjee PLC","Daksha Shetty","6105052002","gpillai@gokhale.biz","H.No. 95, Dhawan Ganj, Sambalpur-035654","Mira-Bhayandar","Maharashtra"
324,"Madan Ltd","Onveer Sridhar","+919954646898","bishakhasahota@soman.com","70/598, Chauhan Zila
Avadi-176046","Dindigul","Nagaland"
325,"Mahajan and Sons","Shivansh Krish","+915029723430","dbahl@natarajan-jani.com","851
Sekhon Path, Bidhannagar 304661","Serampore","Bihar"
326,"Master-Gandhi","Radha Ram","07135387173","wchaudhari@konda.com","74/630, Wable Circle, Raiganj 421380","Bardhaman","Sikkim"
327,"Rau, Goyal and Kapoor","Utkarsh Warrior","+919278174950","zmane@palla.com","H.No. 73, Batta Road, Mango-943250","Mira-Bhayandar","Gujarat"
328,"Bora, Varghese and Wable","Yamini Bains","02609075989","okaran@chad.net","106
Dash Marg
Pudukkottai 040388","Asansol","Bihar"
329,"Prashad, Sood and Sankaran","Anirudh Dixit","01520408305","choudhrythomas@sinha-sule.com","32/175
Sathe Ganj, Ulhasnagar 922383","Jabalpur","Madhya Pradesh"
330,"Zachariah, Kapur and Jayaraman","Yashvi Mittal","+916366393012","pahallala@peri-saha.com","H.No. 10
Samra Nagar
Etawah 509684","Machilipatnam","Haryana"
331,"Dalal, Bahl and Din","Wakeeta Sami","+915692403524","lopa18@bajaj-wason.com","35/035
Gandhi Nagar
Malegaon-919470","Junagadh","Kerala"
332,"Srivastava Ltd","Maanav Swaminathan","+915896970246","abha75@minhas-wagle.biz","03/104, Palan Zila
Tirunelveli-043509","Mau","Gujarat"
333,"Ramakrishnan-Bakshi","Pranav Bhalla","3004358106","ahluwaliapraneel@sen.org","868
Sen Nagar
Haridwar 027173","Begusarai","Punjab"
334,"Prabhu PLC","Imaran Date","04239347326","prabhakarsachi@agate.com","H.No. 108, Kuruvilla Ganj
Junagadh 630531","Secunderabad","Haryana"
335,"Narayan-Mani","Harita Murty","3154555878","perinikita@srinivas-butala.com","37/269
Dixit Ganj
Gangtok 049555","Hindupur","Jharkhand"
336,"Varma, Kanda and Krishna","Om Aurora","05596548459","uprashad@garde-chowdhury.com","H.No. 29, Chowdhury Nagar, Kurnool 964311","Ludhiana","Jharkhand"
337,"D’Alia Ltd","Zayyan Dewan","3429740391","jackmurthy@bhatia.com","H.No. 37, Gill Chowk
Etawah 518704","Vijayanagaram","Kerala"
338,"Tiwari LLC","Mahika Char","+919243429170","hayrechaitaly@srinivas.com","194, Suri Ganj, Kamarhati-002210","Rourkela","Telangana"
339,"Dhingra, Tandon and Prabhu","Finn Lata","+918749284116","charvi37@anne.com","H.No. 352
Chatterjee Marg
Farrukhabad 058163","Rourkela","Jharkhand"
340,"Venkataraman, Mitter and Wagle","Rishi Sangha","+917517798429","upkaarsaini@nori-parmar.com","H.No. 10
Nair Road, Jaunpur 221740","Bally","Tripura"
341,"Oak-Sheth","Aishani Zachariah","2588739550","pratyushkulkarni@bose.com","H.No. 414, Bhasin, Kamarhati-235140","Hindupur","Telangana"
342,"Dixit, Rajagopal and Kade","Lila De","05375634283","deolbaljiwan@saini-shan.com","11/271, Sibal Nagar
Thiruvananthapuram-219740","Hindupur","Tripura"
343,"Balasubramanian and Sons","Lopa Issac","1222481318","frai@tripathi.com","709
Kuruvilla Zila, Alwar-130524","Amaravati","Kerala"
344,"Murty, Sehgal and Chaudhari","Onkar Bhargava","00641447845","hmutti@mane.net","78/03, Patla Ganj, Mehsana-385323","Bahraich","Andhra Pradesh"
345,"Anne LLC","Baljiwan Behl","07134617426","mittersiddharth@oommen.net","032, Bhardwaj Road, Pallavaram-358982","Miryalaguda","Manipur"
346,"Deshpande-Banik","Manan Pandya","+912819117417","kamdartimothy@manne.com","H.No. 279, Badal Ganj
Agartala-038615","Ozhukarai","Goa"
347,"Kota PLC","Vasatika Narula","07026836714","ekani45@bhatti-shah.com","94/095, Bhattacharyya Marg
Malegaon 604915","Darbhanga","Jharkhand"
348,"Roy LLC","Chanakya Dhar","+911906816809","jvohra@sampath.com","H.No. 205, Roy Nagar, Ichalkaranji-769278","Ambarnath","Uttar Pradesh"
349,"Sachar Inc","Kritika Verma","+918660539528","gautamihans@nagarajan.org","91/04
Natarajan Zila
Karnal 872542","Nagpur","Madhya Pradesh"
350,"Baria PLC","Ishwar Dixit","4388135649","dorachaman@kurian-buch.biz","77/555
Aggarwal Road, Mysore 002810","Rourkela","West Bengal"
351,"Morar, Bhagat and Karpe","Ranveer Date","05361053336","peridalaja@keer.com","H.No. 819
Pandey Zila, Bongaigaon-656940","Ballia","Andhra Pradesh"
352,"Gaba Inc","Urishilla Pall","+917545953264","garimakalita@palla.org","39/71, Mahal Marg
Ranchi-787181","Proddatur","Uttarakhand"
353,"Korpal LLC","Krisha Ramaswamy","+919314315125","badamiupkaar@batta.com","168, Chanda Ganj, Gudivada-368613","Gopalpur","Arunachal Pradesh"
354,"Palla LLC","Darsh Bedi","2065245710","jayaramankiaan@kakar-edwin.com","27
Edwin Path, Patna 716057","Belgaum","West Bengal"
355,"Bava Ltd","Zashil Dhawan","+911615068962","advik15@jain-saran.com","709
Mane Path, Berhampur 529416","Aurangabad","West Bengal"
356,"Kashyap, Mohan and Bir","Nandini Chand","03620632165","virkjalsa@rai.biz","31/90
Bains Circle
Guntakal 966621","Anantapur","Telangana"
357,"Gulati Ltd","Charvi Karan","06191839161","abhavasa@sidhu.com","357, Kannan Street
Gurgaon-461047","Saharanpur","Chhattisgarh"
358,"Seshadri, Chaudhari and Manda","Ekaja Naik","00762186261","ndara@subramaniam-kalita.net","H.No. 046, Jhaveri Circle
Unnao-279718","Kota","Tamil Nadu"
359,"Nigam, Patla and Kadakia","Ojas Panchal","+912722797578","dayaltamanna@dasgupta.com","H.No. 802, Grewal Ganj, Mumbai-969516","Mathura","Meghalaya"
360,"Pall-Jain","Imaran Chatterjee","1582506312","ganesanindira@lal.com","67
Raghavan Chowk, Satna 859131","Gandhidham","Gujarat"
361,"Goswami-Kadakia","Ekaraj Narula","+914803383089","onkar04@nazareth.com","25/922
Grover Chowk, Tinsukia 088154","Srikakulam","Punjab"
362,"Cheema, Aggarwal and Rao","Onkar Sastry","09939397942","sawhneychaitaly@saxena-ray.info","H.No. 523
Kant Path
Kumbakonam-793229","Haridwar","Arunachal Pradesh"
363,"Khatri LLC","Anika Wali","8040893951","sethitripti@sarma.com","918
Barman Marg, Nanded 168363","Gopalpur","Gujarat"
364,"Nori Ltd","Ishani Hayre","2321190753","simonnaik@tara.org","357
Dara Circle, Katni 985994","Pallavaram","Maharashtra"
365,"Deol LLC","Ganga Chaudhuri","+910580987867","qsarraf@sawhney-mohan.com","82/55
Shukla Ganj, Sirsa 943135","Latur","Telangana"
366,"Saxena, Kapoor and Baria","Anvi Jayaraman","+910118601328","parekhhiral@kanda.com","62/740
Bhatti Circle, Nandyal 776882","Tadipatri","Arunachal Pradesh"
367,"Narayan LLC","Aadhya Mohanty","2333494511","aadipall@dyal.com","008, Chacko Road
Rohtak-408364","Vadodara","Odisha"
368,"Loyal-Balasubramanian","Bhavika Chand","04803344134","ramangirish@biswas-mangat.org","H.No. 59
Devan Road
Bhusawal 454548","Kamarhati","Meghalaya"
369,"Sethi-Bhatia","Oeshi Swamy","+915854905264","chanajyoti@dash-dixit.biz","54/29, Pathak Chowk, Munger-382851","Jammu","Arunachal Pradesh"
370,"Lall, Sem and Halder","Charan Kara","2709994016","hemal65@sangha.com","H.No. 49
Wali Road, Kavali-901205","Ichalkaranji","Rajasthan"
371,"Tailor PLC","Nirja Misra","+916235237000","wsethi@date-kapoor.com","65/545, Cherian Marg
Nagercoil-939101","Bhubaneswar","Karnataka"
372,"Badal, Barad and Dutta","Nisha Jhaveri","+919148504461","lboase@sule-rao.info","40/38
Sachar Road, Hazaribagh 479188","Bhalswa Jahangir Pur","Kerala"
373,"Saha-Bawa","Arin Sarkar","+917328675496","nvaidya@kanda.org","H.No. 63
Amble Chowk, Mysore 543079","Korba","Maharashtra"
374,"Sandhu, Buch and Bhatt","Nathan Bose","00363298739","zganguly@setty.biz","40
Anne Marg, Salem-658368","Jalgaon","Chhattisgarh"
375,"Gopal Ltd","Bhavika Nagi","+918975289209","liamsaxena@dash-kakar.com","H.No. 259, Saraf Chowk, Ballia 911041","Begusarai","Punjab"
376,"Khurana-Narain","Veer Srivastava","7916014048","loyalabdul@toor.com","38, Dada Nagar, Hosur 570012","Anand","Bihar"
377,"Sule-Guha","Ikbal Golla","+911494465450","kprasad@sur.com","H.No. 630, Mandal Ganj, Chittoor 083970","Bathinda","Sikkim"
378,"Warrior, Bhandari and Kumar","Caleb Ramesh","07702732078","fsuresh@menon-chakrabarti.com","08/754, Raja Nagar
Nagercoil 026653","Kurnool","Uttar Pradesh"
379,"Bawa-Naik","Lajita Bir","1997582911","aprashad@gill.com","H.No. 344
Aggarwal Road
Thrissur-165708","Sambalpur","Andhra Pradesh"
380,"Gour PLC","Arya Deshpande","+914404720116","yagneshthakur@ravel.com","H.No. 113, Tripathi Zila, Tirupati-009075","Ajmer","Manipur"
381,"Sehgal Group","Maya Koshy","+911338144220","bahadurjit13@rajagopalan-nadig.org","37
Shah Zila, Nagaon-226333","Mysore","Punjab"
382,"Sekhon Ltd","Upasna Parikh","2136846388","mmisra@balan.com","00
Mander Street
Coimbatore-241492","Malegaon","Karnataka"
383,"Shanker Ltd","Karan Sen","08109068593","dyaljasmit@korpal.biz","H.No. 05, Palla Street, Bally 482145","Rewa","Assam"
384,"Barman, Deo and Rau","Tara Tata","+918477552680","nathquincy@dhar-choudhry.com","H.No. 466, Uppal Zila
Thiruvananthapuram 951582","Anantapur","Assam"
385,"Raghavan, Sampath and Narayan","Dayita Aggarwal","04563737459","skala@mani-chhabra.com","88/667
Roy Circle, Muzaffarnagar-114154","Sonipat","Meghalaya"
386,"Mittal, Basu and Wason","Samuel Solanki","+913081060609","kotachaaya@rajagopalan.com","H.No. 311, Rout Road, Moradabad 165796","Moradabad","Sikkim"
387,"D’Alia Ltd","Karan Malhotra","01233147344","bumbyashawini@sehgal.com","63/72
Agarwal Zila, Karnal-303086","Amravati","Arunachal Pradesh"
388,"Thakkar LLC","Varsha Sem","0662996435","mohammed10@sawhney.com","H.No. 605
Kapoor, Bellary-988483","Nanded","Sikkim"
389,"Vyas and Sons","Harish Kuruvilla","6903978088","naveen21@ratta.org","501, Bhatt Zila, Maheshtala 012881","Tiruvottiyur","Chhattisgarh"
390,"Chaudhary LLC","Vihaan Mishra","+916943327391","ekanshravel@dhillon.info","19/95
Balan Ganj, Anand 510648","Alappuzha","Uttar Pradesh"
391,"Chokshi, Kala and Kalla","Umang Walla","6717907143","kotaharrison@prabhakar.com","03, Garde Zila
Sagar-512892","Surendranagar Dudhrej","Tripura"
392,"Sen LLC","Wishi Desai","+914170554478","chanaekanta@thaker.com","92/19
Sarna Chowk, Adoni-592681","Pondicherry","Sikkim"
393,"Date, Dasgupta and Dara","Yutika Mittal","0046209011","rachita37@tara-mand.com","H.No. 788, Manda Path, Rampur-877517","Raichur","Assam"
394,"Konda-Varkey","Viraj Bora","08400762636","cdani@rajagopal-sama.com","28/90, Sant Street, Eluru-416060","Vadodara","Madhya Pradesh"
395,"Shenoy, Bhavsar and Cherian","Nikita Parmar","01809082901","wmunshi@mahajan-dubey.com","H.No. 825
Jain Path
Vasai-Virar-087964","Jabalpur","Manipur"
396,"Keer-Keer","Raghav Raja","9884755711","yashawini11@vig-ganguly.com","340
Ramachandran Road
Karimnagar 572775","Aurangabad","Uttar Pradesh"
397,"Gulati, Lalla and Bajwa","Ekapad Bandi","+914054865742","sampathjanuja@tripathi.info","H.No. 904
Johal Nagar
Bokaro 793185","Imphal","Telangana"
398,"Saha Inc","Baljiwan Upadhyay","+919409790255","dassvictor@patla.com","13/531, Nori Chowk, Farrukhabad 241508","Mau","Telangana"
399,"Jain-Chandran","Dalaja Som","9503529089","falguni23@bahri.com","26/971
Borde Nagar, Danapur 189144","Belgaum","Mizoram"
400,"Gara-Sabharwal","Idika Boase","1183017158","xhanda@singhal.com","H.No. 624
Chokshi Chowk, Bangalore 758586","Tiruchirappalli","Telangana"
401,"Lad-Patel","Unnati Swamy","09888343507","ssem@mandal.com","20/72, Wagle Road, Ulhasnagar-869870","Rajahmundry","Andhra Pradesh"
402,"Tara, Babu and Goel","Damyanti Mani","4320885130","theodore99@vohra.com","H.No. 994, Mukhopadhyay Ganj, Jaipur 861797","Imphal","Karnataka"
403,"Dhingra-Rastogi","Yashoda Chaudhuri","2554886383","thakkarudarsh@ravi-iyengar.com","37, Goswami
Hospet-008884","Arrah","Bihar"
404,"Dugar-Parmer","Ganga Koshy","03005739873","shankarlohit@mander-ghosh.com","02/584, Misra Road, Lucknow 583208","Pune","Karnataka"
405,"Walla PLC","Ansh Sanghvi","+913852008618","darahemangini@som-ravel.com","15, Parsa Marg
Guwahati 468869","Nanded","Chhattisgarh"
406,"Goswami-Rout","Vedant Narayanan","+919096271220","vrinda77@jani-badal.com","H.No. 59, Oak Marg
Kishanganj 928590","Farrukhabad","Bihar"
407,"Goswami-Sanghvi","Brijesh Gill","+914428989537","anyanarayanan@sekhon-karpe.com","H.No. 44, Bera Road, Jabalpur-704221","Dewas","Odisha"
408,"Chaudhari and Sons","Harrison Kumar","05179986972","vedaiyengar@krishnamurthy.com","74/09
Raj Path
Kolkata-493698","Bhusawal","Jharkhand"
409,"Puri Inc","Samarth Oza","05125227585","bhargavaindali@hegde.com","483
Chopra Chowk, Jalgaon 235432","Ranchi","Chhattisgarh"
410,"Murty-Choudhary","Maanas Kothari","+915093895293","ldani@bawa-virk.com","H.No. 95, Bansal Street
Ambarnath-073813","Ongole","Goa"
411,"Palla and Sons","Pooja Doshi","2914400983","nagarmahika@mahajan.info","477
Khurana Circle, Warangal 345093","Bhind","Telangana"
412,"D’Alia Ltd","Advaith Rao","8892166761","abdul37@bal.com","58, Bhargava Nagar
Silchar-171612","Proddatur","Arunachal Pradesh"
413,"Subramanian, Muni and Ganguly","Praneel Chaudry","+910288776460","diya92@savant.com","H.No. 42, Jani Ganj
Patiala 584357","Indore","Tripura"
414,"Chaudhuri, Hora and Buch","Sudiksha Sahni","8579524715","rvyas@prasad.biz","45/43
Arora Road
Tiruvottiyur 432292","Rourkela","Gujarat"
415,"Kade, Sundaram and Guha","Frado Bahri","4562278517","faris53@ganesan.org","23/748, Sinha Street
Jaunpur-854538","Satara","Bihar"
416,"Dasgupta, Sule and Manne","Krisha Din","+915955073555","madhav49@bala-narain.com","217
Tiwari Circle, Junagadh-930795","Satna","Nagaland"
417,"Dass Ltd","Sachi Iyengar","08870976380","unni15@datta.com","43/968, Lata Chowk, Berhampur-330246","Chandigarh","Tripura"
418,"Parsa, Patel and Chand","Aarini Nazareth","+919489007368","lokeabhimanyu@chana-sood.biz","H.No. 472, Gandhi Ganj
Surat-312482","Tumkur","Himachal Pradesh"
419,"Bera, Chana and Sandhu","Sachi Dyal","3729237692","neelimachaudhry@bhatia.com","668
Gokhale Path, Karnal-537912","Nagercoil","Rajasthan"
420,"Bhardwaj-Shukla","Yamini Tiwari","7308918903","ayush79@murthy.com","39/31, Bajaj Zila
Shivpuri 481393","Karaikudi","Punjab"
421,"Raval Group","Raksha Dara","+916285344305","htata@oak.com","H.No. 27, Bail
Surendranagar Dudhrej 533287","Haldia","Chhattisgarh"
422,"Rastogi-Bhargava","Gautam Chopra","08069714438","arunimabath@prabhu.com","57
Bakshi
Amritsar 125592","Nizamabad","West Bengal"
423,"Dash-Kapur","Anamika Viswanathan","+912794569022","imangal@varughese-jha.net","93
Balan Road, Bhavnagar 166582","Lucknow","Meghalaya"
424,"Ramakrishnan, Sachdeva and Badal","Ganga Bail","6247247854","nagaraashi@setty.info","72/784
Sunder Marg, Coimbatore 524414","Kurnool","Maharashtra"
425,"Swamy and Sons","Anvi Munshi","+918833047482","aarush09@chauhan.org","50, Thakur Zila, Madhyamgram 413957","Vadodara","Tamil Nadu"
426,"Rajagopalan-Pall","Manbir Konda","1032456156","ladliganguly@bose.com","H.No. 465
Lal Road
Hindupur-949598","Nashik","Andhra Pradesh"
427,"Saha, Virk and Mani","Noah Pandya","08344137754","aaravnagi@ranganathan-gokhale.org","54/12, Chanda
Jehanabad-099605","Kavali","Meghalaya"
428,"Dugar-Gole","Vihaan Wable","06384582287","nikitamangat@wadhwa.biz","76
Rao Marg, Phagwara 098653","Hubli–Dharwad","Himachal Pradesh"
429,"Dasgupta-Nagar","Upkaar Pandya","07111855103","chakradevsharma@palan-bahri.com","H.No. 15
Dixit Marg
Amritsar-169395","Kanpur","Meghalaya"
430,"Narain-Sarma","Ekapad Basu","3694033813","samakshmital@wable.info","H.No. 387
Anne Zila, Gwalior 817065","Raebareli","Telangana"
431,"Devi-Comar","Nisha Dey","9666514491","nborah@bal-ramachandran.com","H.No. 36, Saxena Chowk
Sultan Pur Majra-076585","Kanpur","Telangana"
432,"Sura Ltd","Yashvi Maharaj","8248679892","hredhaan34@savant-swamy.net","H.No. 24, Mukherjee Path, Eluru-396413","Salem","Rajasthan"
433,"Prashad, Ghose and Chad","Ishanvi Om","+913944246087","jpandya@mistry.biz","32
Gaba Zila
Thoothukudi 534108","Ranchi","Arunachal Pradesh"
434,"Nagar LLC","Niharika Murty","6372371637","zashilkapadia@raju-chanda.info","H.No. 63
Rau Street
Kurnool-727434","Bhalswa Jahangir Pur","Andhra Pradesh"
435,"Talwar Group","Ayushman Warrior","+915442855137","uppalveer@vala.com","618
Ganguly Zila
Panihati-352650","Jodhpur","Arunachal Pradesh"
436,"Oommen, Chana and Kade","Harini Sandal","1577071164","hrao@sule-mishra.com","H.No. 865
Sahota Street, Dehri 531627","Suryapet","Jharkhand"
437,"Badal Ltd","Kamya Memon","0103706254","hvarghese@kibe.com","H.No. 449
Vig Zila, Panchkula 393679","Hosur","Manipur"
438,"Chaudhry-Nagy","Vincent Hayre","01297054556","sampathjanani@palla-dora.com","H.No. 251
Suresh Zila, Kavali 645423","Hajipur","Uttar Pradesh"
439,"Rattan Inc","Hredhaan Atwal","+914862722948","omaja91@chhabra.com","08/45, Sha Chowk, Jehanabad-105308","Ratlam","Uttar Pradesh"
440,"Iyer, Dyal and Vyas","Aishani Warrior","+919020158487","yashawinimemon@chadha.com","68, Bajaj Street
Ambarnath-473032","Dehri","Goa"
441,"Pai, Dasgupta and Bora","Amaira Karnik","8238640122","dashaarav@mody.biz","37, Barman Ganj
Rajahmundry 660164","Chandrapur","Bihar"
442,"Barad-Lanka","Manan Kale","08909991203","gsheth@kaul-kalla.com","H.No. 10, Sampath Nagar
Berhampore 611841","Chandrapur","Haryana"
443,"Sarraf PLC","Ekaja Contractor","2854638142","kchadha@khatri-bhatt.com","093
Balan Zila
Jodhpur-818189","Orai","Uttar Pradesh"
444,"Dada and Sons","Ucchal Dhillon","3312847540","warriorkrish@misra-manne.com","33, Palla Ganj
Panihati-410056","Madanapalle","Telangana"
445,"Kapadia Ltd","Turvi Chatterjee","1144041775","tellaamruta@rau.com","22
Khurana Street
Kamarhati 357289","Hubli–Dharwad","Manipur"
446,"Borah Ltd","Ekapad Bal","+918441027510","ahluwaliaorinder@kaul-rana.com","515
Bhargava Ganj, Moradabad 514778","Satara","Odisha"
447,"Viswanathan Ltd","Daksha Madan","+914621252302","behlvivaan@uppal-aurora.biz","993, Banik Chowk
Varanasi 249323","Muzaffarpur","Nagaland"
448,"Dey-Wali","Yashasvi Chatterjee","1123604601","wazirdevi@sinha.com","H.No. 059
Verma Path
Aurangabad 966766","Etawah","Mizoram"
449,"Rege, Kapoor and Dara","Jagrati Dara","6090554934","vrittisen@pingle.com","H.No. 682
Tara
Chandrapur 026734","Aurangabad","Punjab"
450,"Roy Ltd","Anjali Khanna","03658287316","royyadavi@radhakrishnan.com","78
Mander Marg, Ghaziabad 199901","Suryapet","Maharashtra"
451,"Kunda, Nazareth and Mukhopadhyay","Bhavna Aggarwal","+912327315256","gbains@tata-ramakrishnan.com","85/66, Roy Nagar, Narasaraopet 357389","Bardhaman","Rajasthan"
452,"Narayanan, Raju and Chakraborty","Gaurangi Agarwal","8669774871","eesha17@sani.com","61/347
Rana Ganj
Imphal 336807","Vijayawada","Gujarat"
453,"Amble-Tiwari","Unni Khalsa","+912023864524","janakikeer@bhandari.com","594
Cherian Chowk
Panchkula-772683","Danapur","Haryana"
454,"Dutt Group","Noah Swamy","+915637231637","obhargava@naidu.biz","832
Arya Circle, Meerut 551184","Satara","Goa"
455,"Panchal LLC","Urvashi Sabharwal","+911166223861","forumdugar@nadkarni-tata.com","H.No. 96
Sachdeva Ganj, Jorhat 043605","Rohtak","Sikkim"
456,"Dhar Inc","Gautami Aggarwal","+914129009956","quincykapur@salvi.biz","H.No. 286
Sagar Street, Katni-306985","Bhilai","Manipur"
457,"Sandhu Inc","Isaiah Mall","+919151550676","opillay@mandal.com","288
Dara Street, Dibrugarh-342041","Mysore","Rajasthan"
458,"Oommen-Talwar","Mohammed Goda","04227748979","wvora@garg.com","28/781, Halder Chowk
Siliguri-831537","Shivpuri","Bihar"
459,"Bhakta LLC","Dakshesh Sachdev","6285869001","veda68@tella-kalla.com","394
Ramesh Zila
Sirsa-739467","Serampore","Goa"
460,"Dass, Bhardwaj and More","Chanakya Rout","2841852162","azad04@vohra.com","45/766, Shah Chowk
Dindigul 139394","Rewa","Telangana"
461,"Nagarajan, Subramaniam and Padmanabhan","Vihaan Rajagopalan","+918752018137","tataprisha@ramesh.com","46/20
Sanghvi Zila, Bhagalpur 097487","Bhimavaram","Bihar"
462,"Bhasin, Ganesh and Choudhary","Nimrat Mahajan","0608189920","vasudha76@sahota.com","02
Sami Ganj
Madanapalle 845463","Durgapur","Chhattisgarh"
463,"Dhawan, Jayaraman and Sagar","Max Deol","03368312821","rambrinda@swamy-pillai.com","78/332, Brahmbhatt Road
Hubli–Dharwad 857095","Kakinada","Madhya Pradesh"
464,"Sethi Group","Rishi Mohan","02999999611","shaoscar@sule.biz","H.No. 22, Baral Path, Satara 163931","Jorhat","Haryana"
465,"Raval LLC","Omya Chopra","00096564764","menonrehaan@srinivasan.net","602, Contractor Ganj, Gangtok-980024","Bahraich","Chhattisgarh"
466,"Dugar-Contractor","Fariq Subramaniam","5256179667","indrajit67@kaur.net","H.No. 643, Bhargava Path
Kumbakonam 494095","Srinagar","Uttar Pradesh"
467,"Narang-Ghose","Elijah Bahl","00361402297","thakkarikbal@naidu.com","51/72
Karpe Circle, Kalyan-Dombivli 316797","Satna","Meghalaya"
468,"Menon, Kamdar and Goyal","Zashil Patel","8134540211","shivani26@anand.com","92, Chadha Marg, Mira-Bhayandar-373381","Jabalpur","Himachal Pradesh"
469,"Memon-Tella","Zashil Cheema","09729186286","mkapur@kalla.com","57/72
Pandit Nagar, Eluru 614908","Sri Ganganagar","Kerala"
470,"Balay Inc","Kiaan Krishna","+916255151243","andrewbhatnagar@gole.com","H.No. 194
Shankar Zila
Patiala-263778","Jaunpur","Rajasthan"
471,"Khurana-Mangat","Sneha Chanda","+919982583391","wchaudhry@buch-minhas.com","35
Reddy Chowk, Bhilai-423246","Kolkata","Odisha"
472,"Soni, Ravi and Reddy","Chakradev Upadhyay","05712566858","jasonsaran@dalal.biz","H.No. 32
Kashyap
Surat 555050","Raurkela Industrial Township","Punjab"
473,"Chakraborty-Nagy","Tanvi Jhaveri","+912532095624","amairaram@prakash-kumer.com","59, Banerjee Circle, Mirzapur-432568","Parbhani","Bihar"
474,"Lala, Vora and Sura","Indrajit Nadig","7759628549","mandvansha@gola.com","H.No. 45
Shan Road
Pondicherry-904904","Sultan Pur Majra","Jharkhand"
475,"Sarna Group","Wakeeta Lala","+917187683236","vgera@subramaniam-mane.org","H.No. 15, Bava Zila
Kirari Suleman Nagar 733815","Gorakhpur","Rajasthan"
476,"Panchal Ltd","Harshil Dasgupta","+917213283669","anay26@mutti.biz","H.No. 60, Kant Chowk
Thiruvananthapuram 888713","Bareilly","Goa"
477,"Jaggi-Hegde","Anusha Brahmbhatt","+912824452427","kprakash@kale.com","48/282, Tata Nagar
Latur 165762","Bardhaman","Himachal Pradesh"
478,"Sarma Group","Jagdish Karan","+912685407452","yashodhara66@karnik.net","20/641
Mangal Zila, Panchkula-685085","Nangloi Jat","Uttarakhand"
479,"Boase-Agarwal","Lavanya Zacharia","7996168008","qshere@gera.org","H.No. 58, Muni
Salem 307195","Kurnool","Bihar"
480,"Manne-Dua","Vivaan Mani","9306741851","banjeet10@char-nori.com","765
Ramanathan Street
Narasaraopet-355176","Jorhat","Arunachal Pradesh"
481,"Khalsa and Sons","Girik Prabhakar","01662642565","reyansh37@bose-patla.net","941, Sibal Marg
Erode-363100","North Dumdum","Kerala"
482,"Dani PLC","Mekhala Dhingra","0800712139","munimadhavi@sachdeva.info","65/842
Sachar Marg
Noida 674971","Pallavaram","Uttarakhand"
483,"Narain Inc","Bhavika Kaur","4845890332","rajtanvi@natt.info","490, Dewan, Rajahmundry 072362","Bhubaneswar","Madhya Pradesh"
484,"Ahuja, Sen and Solanki","Logan Muni","08142877015","gabriel57@ganesan.biz","H.No. 22
Sahni Zila, Bhavnagar 031987","Unnao","Telangana"
485,"Kohli-Saha","Chandani Nayar","07525957863","shenoyhemangini@srinivasan-som.com","839, Dash Street
Amritsar 230059","Sikar","Nagaland"
486,"Koshy-Chahal","Tara Bansal","09595480753","yuvrajdhaliwal@sethi-mohan.com","31/16, Sant
Vijayanagaram-815932","Pimpri-Chinchwad","Kerala"
487,"Oommen, Mahal and Ramaswamy","Rachit Bhatti","9740042127","lagrawal@borde.com","H.No. 18
Sandal Path
Amaravati-833727","Kishanganj","Jharkhand"
488,"Seshadri and Sons","Ishita Lall","08015955400","kavyabhattacharyya@chacko-subramaniam.com","34/61, Kade Street, Tiruchirappalli-926054","Guntur","Rajasthan"
489,"Barman, Suri and Sane","Ria Dass","06335476424","nimratnayar@gara.com","693, Kunda Path
Durgapur-883584","Vadodara","Nagaland"
490,"Srinivasan, Sachdev and Kurian","Azaan Krishnan","6725183903","zayansetty@choudhury.biz","77/999, Kunda Street
Silchar 135842","Kavali","Assam"
491,"Sem and Sons","Vedika Amble","06336592154","veda23@parsa-dugal.net","H.No. 74, Dhar Nagar
Chandigarh-679809","Ramagundam","Madhya Pradesh"
492,"Dutt Ltd","Ekanta Badami","+913734138223","epall@narasimhan.com","21
Nazareth Chowk
Kirari Suleman Nagar 146982","Pallavaram","Meghalaya"
493,"Vig, Parekh and Vaidya","Chatura Sathe","8982480185","usood@prashad.com","06/373, Sodhi Chowk, Ranchi 009906","Tadipatri","Himachal Pradesh"
494,"Solanki and Sons","Daksha Sehgal","02154999224","diptasinha@dube.com","H.No. 888, Raman Zila, Pondicherry-316750","Chinsurah","Madhya Pradesh"
495,"Kala, Nazareth and Gokhale","Leena Karan","02565588378","naveenkrishna@kapadia.info","09, Dani Chowk, Kharagpur-271412","Nadiad","Assam"
496,"Patel PLC","Anya Garg","6029083998","babumadhavi@viswanathan.com","28
Raval Street
Tadipatri-453768","Shahjahanpur","Jharkhand"
497,"Kalita and Sons","Jyoti Pau","03822107402","garadamyanti@dave-koshy.com","39
Kurian Ganj
Jalgaon-557869","Hosur","Haryana"
498,"Shan-Kashyap","Xiti Garde","08383808108","nitara80@murthy.org","H.No. 004, Vig Zila
Buxar-606983","Tirunelveli","Uttarakhand"
499,"Kata-Suri","Xiti Rajagopal","05991474197","joshidhruv@edwin-dani.info","62, Murthy Circle
Tadepalligudem-587008","Faridabad","Kerala"
500,"Modi PLC","Abdul Guha","03572075047","gopaltaneja@chaudhry.com","52/24
Pant Road
Akola-643899","Hindupur","Haryana"
501,"Barad LLC","Vyanjana Sabharwal","+913723997147","omya44@bajaj.com","65/611, Sethi Ganj, Khora -542679","Shivpuri","Uttarakhand"
502,"Cherian, Apte and Srinivas","George Khare","+915218012562","amara40@sastry-kade.com","26
Bhandari Road
Darbhanga 843219","Ballia","Punjab"
503,"Kumer Group","Jai Wali","+919398259548","peterdeep@sankaran.org","395
Basak Marg, Pune-486751","Thane","Telangana"
504,"Sachdev-Mittal","Balvan Swamy","01399842408","champak05@rattan-dara.com","23/04
Tiwari, Aurangabad 704890","Noida","Andhra Pradesh"
505,"Bava PLC","Max Wable","+912973756546","cchandran@virk-mukherjee.org","95/03
Choudhury Nagar
Faridabad-418573","Mumbai","Bihar"
506,"Cherian, Raval and Shah","Lavanya Srivastava","5404963358","lsahni@singhal.com","51, Anne
Mysore-149587","Mango","Karnataka"
507,"Kunda-Bhatia","Madhavi Dugar","+911497140413","eahluwalia@chander.com","398
Sandhu Chowk, Mehsana-875203","Kavali","Karnataka"
508,"Singh, Dhar and Bhasin","Onkar Banerjee","7497048040","yagnesh00@natarajan.com","H.No. 760, Sridhar Path
Aligarh-202010","Ulhasnagar","Uttar Pradesh"
509,"Uppal LLC","Bishakha Kara","00916343610","palmadhavi@pradhan-dani.com","68/175, Mahajan
Jalgaon-386533","Mira-Bhayandar","Karnataka"
510,"Kalla, Vaidya and Chahal","Vincent Bobal","+913940103513","qsethi@dhaliwal-dutt.biz","769
Bakshi Circle
Bally-666126","Maheshtala","Chhattisgarh"
511,"Bir-Kapur","Aditya Deo","06118300779","gaurangi98@rajan-sridhar.com","26, Chawla Chowk, Imphal 869650","Berhampore","Andhra Pradesh"
512,"Mammen, Din and Anand","Jhalak Narain","2130085859","luke00@sabharwal-aurora.com","H.No. 93
Butala, Surat 122095","Maheshtala","Telangana"
513,"D’Alia, Sandal and Chana","Fiyaz Rao","5161573986","basudayita@randhawa.org","26/35, Tank Circle
Naihati-331488","Rajahmundry","Uttar Pradesh"
514,"Goel, Aggarwal and Uppal","Gunbir Bumb","+910908359437","behlneha@venkataraman.com","44/826, Bhasin Zila, Firozabad 108036","Asansol","Uttar Pradesh"
515,"Pant, Tailor and Malhotra","Jairaj Dalal","0217286599","bhatiafinn@singhal-kala.com","H.No. 005, Tank Street, Lucknow 860822","Bhalswa Jahangir Pur","Arunachal Pradesh"
516,"Seshadri LLC","Amaira Natt","08583396765","mahajanchaitaly@dada-kar.com","90/08, Ganesh Marg
Baranagar-087191","Etawah","Uttarakhand"
517,"Dutta and Sons","Parth Gaba","6808361281","cnanda@kannan.com","H.No. 529
Bala Path
Udupi 468349","Tiruvottiyur","Jharkhand"
518,"Palla-Brar","Yashoda Dugal","09652823500","baghyawatichaudhuri@tank-atwal.biz","H.No. 330, Batta Ganj
Bidhannagar-004813","Gudivada","Mizoram"
519,"Sekhon LLC","Karan Sangha","6554975494","ymander@trivedi-datta.com","H.No. 25
Kumar Path
Aurangabad-291329","Ambarnath","Sikkim"
520,"Mitter-Maharaj","Zashil Batra","+915173711799","thamankrishna@garg.com","H.No. 967, Guha Marg, Narasaraopet 727681","Durg","Manipur"
521,"Kamdar Group","Saumya Choudhury","04040995874","anushasavant@karan.com","H.No. 305
Ganguly Chowk, Panihati 036629","Hyderabad","Tamil Nadu"
522,"Modi Inc","Meghana Dutta","+919110264427","udyatibrar@venkataraman-handa.net","02/667
Sama, Ludhiana-643098","Durgapur","Jharkhand"
523,"Dutt PLC","Kala Wagle","1552763273","jsodhi@virk-sidhu.com","77/78, Dugal Zila
Gopalpur 152235","Kulti","Bihar"
524,"Varughese and Sons","Arya Zacharia","+917528204587","khannakevin@barad-kata.com","199, Chopra
Ratlam 410061","Katihar","Himachal Pradesh"
525,"Pathak and Sons","Libni Walla","2984142573","jkala@bandi-naidu.com","H.No. 83, Goel Zila
Machilipatnam-575479","Shahjahanpur","Punjab"
526,"Konda Inc","Nimrat Krishnan","+915422684181","zamble@brahmbhatt-krishnan.com","282, Lall Chowk
Ballia-185121","Bharatpur","Rajasthan"
527,"Minhas-Hora","Sai Srivastava","3112194719","wtrivedi@ramaswamy.com","H.No. 173, Singh Nagar, Anantapur-083082","Medininagar","Andhra Pradesh"
528,"Mutti, Shukla and Manne","Nisha Bhavsar","+913827075240","kvaidya@bala-vala.com","H.No. 066, Pal Chowk
Nellore-458331","Sonipat","Uttarakhand"
529,"Bedi, Chowdhury and Bhavsar","Isaac Sood","06782166204","onibhardwaj@bhavsar.com","77/196
Menon Circle, Bharatpur 409359","Agra","Kerala"
530,"Nazareth Group","Abhiram Batta","07174444572","balaycharles@kuruvilla-upadhyay.com","21/77
Sandhu Street, Pali 784421","Delhi","Gujarat"
531,"Handa, Lala and Tara","Samuel Srinivasan","0236615241","abeerchoudhury@bora-baria.net","99/24, Tiwari Circle
Guntur-217496","Serampore","Manipur"
532,"Raghavan PLC","Samaksh Ratti","+913945493502","turvi61@sridhar.org","810, Kurian Street, Dhule-547282","Kottayam","Andhra Pradesh"
533,"Shenoy, Ravel and Setty","Elijah Tandon","9234154909","chamanratta@devan-dhar.com","H.No. 375, Pandey Circle
Madurai 901422","Buxar","Sikkim"
534,"Dhawan and Sons","Adweta Chakraborty","+912482565664","anshrattan@kibe.com","H.No. 07, Chaudry Path, Bahraich-388773","Khandwa","Jharkhand"
535,"Rout-Gera","Faras Kulkarni","6627438542","baradlaban@dhar.org","91/11
Srinivas, Unnao-633040","Guntakal","Himachal Pradesh"
536,"Rattan-Dasgupta","Omisha Puri","+915891848528","modyqarin@khare.com","H.No. 043
Vasa
Kavali-100703","Kanpur","Uttarakhand"
537,"Basak, Gandhi and Tata","Warjas Pandit","01228458772","uchanda@khalsa-merchant.net","494, Choudhury
Howrah-509374","Akola","Telangana"
538,"Mani-Devi","Chaman Ganesh","01929391117","msuresh@bassi.com","H.No. 975
Verma Chowk
Howrah 782467","Chennai","Maharashtra"
539,"Kalita, Gandhi and Goyal","Isha Seth","00404928338","baljiwanuppal@parekh-bhalla.org","H.No. 530, Bali Path, Tadepalligudem-106582","Mau","Mizoram"
540,"Thakur Inc","Falak Bedi","+914871509286","anika65@suri.com","H.No. 61
Subramanian Marg, Dhanbad 769805","Pune","Assam"
541,"Venkatesh LLC","Falguni Choudhary","+912609351405","sandalucchal@chopra.biz","70/22
Natt Chowk
Uluberia-189563","Jalandhar","Odisha"
542,"Thaker, More and Mammen","Ojasvi Dhar","7946392203","chaudharimohini@dara.com","H.No. 13
Nagi Circle
Thanjavur 742605","Orai","Odisha"
543,"Rajagopalan-Shetty","Yachana Soman","3842699436","ronith01@mitra.com","466
Kalla Marg
Varanasi 662402","Guna","Uttar Pradesh"
544,"Peri-Morar","Amaira Tripathi","02618001681","utkarsh38@morar-ghose.biz","22/04, Bal, Danapur-521994","Jaipur","Telangana"
545,"Savant, Chopra and Apte","Chandran Modi","+916506137323","xalakahluwalia@apte-virk.biz","20/43
Merchant Circle, Firozabad-504546","Moradabad","Jharkhand"
546,"Thaker-Manne","Alexander Lanka","02537862535","rajanbahadurjit@lad-jha.biz","86/972, Taneja Nagar, Bharatpur 829533","Jalna","Punjab"
547,"Bumb, Sachdev and Parmer","Ladli Upadhyay","3875762298","snehadugal@chandra.com","61/45
Bandi Path
Allahabad-786886","Akola","Bihar"
548,"Oommen-Sabharwal","Yashawini Loke","02544175978","hemangini30@bassi.org","H.No. 64, Das Path, Bhavnagar 210183","Eluru","Telangana"
549,"Chadha-Handa","Vasana Guha","+917494561160","vamakshi84@anne-baria.biz","89/34, Ben Path, Sagar-915441","Kumbakonam","Mizoram"
550,"Gill PLC","Ayushman Wadhwa","05948443955","jbuch@rao-sawhney.com","43/90
Balasubramanian Path
Siwan-092724","Sasaram","Gujarat"
551,"Devan-Singhal","Xalak Sandhu","02331705041","zansinagy@kunda.com","42, Kant Circle
Dehradun 732637","Surendranagar Dudhrej","Uttar Pradesh"
552,"Bhatt, Palla and Prasad","Yauvani Sama","+918023203084","aggarwalanamika@acharya-manne.biz","H.No. 14, Bath Street
Bally 031152","Srikakulam","Jharkhand"
553,"Nadkarni PLC","Patrick Walia","+919888526695","krishnapurohit@gupta.net","H.No. 20, Dara Nagar, Patna 554064","Durg","Manipur"
554,"Chokshi-Pillay","Pushti Devi","00396172721","nidhikapadia@bali.org","10/53
Pandya Nagar
Thrissur 397362","Thanjavur","Meghalaya"
555,"Purohit LLC","Chavvi Sanghvi","6391932447","paidominic@sur-basak.com","742, Dasgupta Nagar, Mahbubnagar 966277","Etawah","Assam"
556,"Pandya, Bath and Soman","Damyanti Banik","01320704952","wsahota@joshi-taneja.com","265, Seth Marg, Anantapuram-000516","Begusarai","Uttarakhand"
557,"Ahuja-Varughese","Avni Gour","7758398026","kamala78@chadha.org","H.No. 09
Nadkarni Street, Panvel-384356","Silchar","Bihar"
558,"Nazareth-Deshpande","Mohini Das","+912423841432","cramaswamy@wadhwa-ghose.com","759, Shah Ganj, Miryalaguda 969845","Udaipur","Jharkhand"
559,"Lata-Kulkarni","Warhi Sachdeva","05830617640","nathan27@dhar-nanda.net","H.No. 538
Mishra Street, Dharmavaram 807986","Erode","Odisha"
560,"Mallick-Banerjee","Lajita Varughese","8504618898","ekta39@deshpande.com","83/871
Bhandari
Asansol-091192","Serampore","Jharkhand"
561,"Behl, Yadav and Ganesh","Warhi Bhasin","01809131660","ijain@chad-jaggi.com","95, Iyengar Road
Jehanabad 637616","Vellore","Uttarakhand"
562,"Mane LLC","Yachana Sem","+917075571168","ekalingajain@bansal.com","H.No. 26, Borra Street
Panipat 098593","Hapur","Himachal Pradesh"
563,"Mammen Group","Yadavi Saha","03812340385","gilltheodore@sahota.com","14, Kuruvilla Circle, Ramagundam 930572","Cuttack","Uttarakhand"
564,"Madan-Kothari","Jagat Viswanathan","04644987111","chasmumiyengar@shetty-natarajan.com","998, Modi
Mango 553333","Bulandshahr","Himachal Pradesh"
565,"Dar, Borah and Tiwari","Alka Pau","+915488212526","epalla@agarwal.org","H.No. 197
Mukhopadhyay Zila, Sri Ganganagar 623114","Rajahmundry","Chhattisgarh"
566,"Misra, Mand and Chakraborty","Simon Chaudhari","6295857524","widisha80@pall-mukhopadhyay.com","68/38
Kade Road
Rourkela-945149","Motihari","Chhattisgarh"
567,"Mander-Doshi","Abhimanyu Tata","+912327186295","adyagaba@borra-vig.com","85/569, Uppal Chowk
Bulandshahr-755220","Bellary","Goa"
568,"Loyal, Saha and Madan","Zilmil Chaudhuri","+919562325521","pbakshi@narula.net","84/592, Sangha Ganj, Chandigarh-881380","Imphal","Arunachal Pradesh"
569,"Bandi, Kamdar and Tripathi","Noah Jhaveri","+918782081493","gayathri89@anand.com","95/665
Krish Street, Farrukhabad 427339","Morena","Madhya Pradesh"
570,"Dani-Dhar","Oscar Pall","4446343807","rajata91@raja.info","H.No. 89
Devi Marg, Gangtok-485096","Purnia","Bihar"
571,"Shroff-Dara","Geetika Parmer","01610050440","atwalneha@kamdar.biz","H.No. 19, Shanker
Bulandshahr 997803","Hazaribagh","West Bengal"
572,"Sarkar and Sons","Ucchal Chakraborty","7154166263","kiaan08@swamy-tank.com","42/36, Das Street
Faridabad 225616","Shimla","Manipur"
573,"Mannan-Ghose","Rayaan Pant","07291740744","boasepraneel@ranganathan-hari.info","H.No. 30
Nath Zila
Dibrugarh-561436","Shimoga","Odisha"
574,"Bahl and Sons","Oliver Kashyap","+919156064772","lajita95@deshpande-barad.org","92/903
Goel
Hajipur 000415","Loni","Uttarakhand"
575,"Raj-Kade","Unni Sahota","02933654698","anvi84@sangha-mitra.com","098
Baral, Junagadh-159936","Bongaigaon","Sikkim"
576,"Gopal PLC","Sai Jani","6596421415","ekalinga17@mannan-vasa.com","H.No. 520, Sarna Circle
Thiruvananthapuram 620019","Anand","Nagaland"
577,"Hora-Prakash","Nidra Ramanathan","+917042699734","chanakyaghosh@bhattacharyya-date.com","59/75
Bhakta Ganj
Nashik-232976","Jorhat","Assam"
578,"Mohan PLC","Avni Garg","06978343321","hema43@merchant.net","15/906
Morar Chowk
Guwahati-588303","Kanpur","Odisha"
579,"Dubey LLC","Darika Tata","03293341681","bhattilaksh@karan.com","H.No. 227, Kalita Chowk
Ajmer-064116","Kharagpur","Mizoram"
580,"Garde Group","Oscar Dani","+910912980614","mitterjagdish@loke.net","H.No. 80, Datta Path
Hapur 467241","Proddatur","Goa"
581,"Chakraborty-Balan","Baghyawati Kumer","08050646637","sai22@madan-atwal.org","H.No. 71, Krish Zila
Akola 507695","Gandhinagar","Sikkim"
582,"Anand-Varughese","Sneha Soman","+915208783658","sanghvifinn@joshi.com","H.No. 64, Sarma Nagar, Satara-268613","Hapur","Mizoram"
583,"Sarin Ltd","Chandran Ghose","0193718479","zansi00@kunda.com","42/867
Garde Road
Berhampur-448664","Vijayawada","Tamil Nadu"
584,"Goda-Pingle","Chatura Bhargava","1372863524","vyasabhimanyu@kashyap.net","50
Wadhwa Ganj
Ichalkaranji-958047","Pudukkottai","Goa"
585,"Joshi-Sawhney","Maya Gandhi","+911041540605","chandresh89@shan.com","803
Viswanathan Circle
Gudivada 942261","Panipat","Andhra Pradesh"
586,"Karnik Inc","Eta Ahluwalia","+911025513894","ebabu@kadakia.info","H.No. 053
Khatri Path
Kanpur 494925","Bathinda","Karnataka"
587,"Kumar-Ram","Aarav Vyas","3832923940","dtaneja@choudhury-bhagat.com","07/957, Kadakia Nagar
Karimnagar-915898","Karawal Nagar","Assam"
588,"Natarajan-Oommen","Udarsh Sethi","6977132117","wminhas@rajan.com","46, Manda Circle, Kharagpur-365799","Kamarhati","Himachal Pradesh"
589,"Andra-Lala","Diya Magar","03741938388","baghyawatimalhotra@banik.net","H.No. 967, Dash
Siliguri-585638","Mysore","Bihar"
590,"Mammen-Sani","Madhav Mammen","+912868870802","chakradhar87@rattan-dara.biz","52, Master Ganj, Sambhal-958972","Bhilai","Meghalaya"
591,"Bali Group","Vincent Sule","04450266715","narayananvarenya@das.biz","16/784
Ahluwalia Chowk
Chapra 385410","Bathinda","Meghalaya"
592,"Kaul Inc","Triya Pau","+917077345349","gdada@kara.com","H.No. 49, Lad Street, Dhanbad-464632","Hindupur","Odisha"
593,"Ganesan, Nadkarni and Cherian","Wakeeta Ahluwalia","3961062386","daraarini@kumar.com","H.No. 891
Raju Street
Siwan 318962","Srinagar","Andhra Pradesh"
594,"Ravel-Viswanathan","Laban Gupta","+917264786553","urishillagulati@shetty.biz","79, Panchal, Ghaziabad-084077","Anantapuram","Andhra Pradesh"
595,"Bansal LLC","Shravya Mannan","7163636993","dhargaurangi@chatterjee-dua.com","17/55, Sarin Road
Tiruvottiyur 762228","Warangal","Mizoram"
596,"Savant, Mani and Bansal","Harshil Swaminathan","07403992081","rayaandayal@singhal.com","23/403
Banik Zila, Dindigul 457591","Mirzapur","Tripura"
597,"Chakraborty and Sons","Jeevika Patil","+910009755385","woak@nagarajan-kar.info","01, Misra Marg, Alwar-417472","Burhanpur","West Bengal"
598,"Keer-Narayan","Vyanjana Gaba","03916138373","xbawa@balasubramanian.net","61, Lala Marg
Berhampur 176295","Pimpri-Chinchwad","Karnataka"
599,"Sagar, Chadha and Raval","Aayush Sur","05646399665","yochana10@arora.com","524, Soni Path, Bhilwara 087839","Orai","Gujarat"
600,"Borra-Baral","Aarush Bhatnagar","4327723184","ksodhi@mahal.org","H.No. 134
Dhaliwal Circle, Hyderabad 758515","Belgaum","Uttarakhand"
601,"Dass-Dugal","Onkar Parsa","0838323675","tdeol@sridhar.org","H.No. 70
Mody Street
Madurai-529519","Deoghar","Uttar Pradesh"
602,"Iyengar-Aggarwal","Peter Sehgal","03681583062","hsengupta@prasad.com","302
Kumar Nagar, Adoni-693578","Aizawl","Tamil Nadu"
603,"Sane-Nori","Nisha Bandi","8531370379","diya37@garde.biz","58, Ramaswamy Path, Satna 786341","Dibrugarh","Nagaland"
604,"Acharya-Kara","Aarna Thaman","0149235991","yoshita33@narang.net","37, Kamdar Ganj
Rajahmundry 453739","Siliguri","Tripura"
605,"Kara Ltd","Baghyawati Yohannan","02309743742","kbhatt@oommen.info","19
Babu Road
Motihari 497720","Ujjain","Assam"
606,"Bath-Kale","Liam Singh","+910044291030","vargheselucky@narayan.com","56/085
Saraf Marg
Solapur-808106","Hazaribagh","Kerala"
607,"Jaggi LLC","Rachana Khatri","03932916360","omya00@chowdhury.com","H.No. 124
Mital Circle
Mumbai-243496","Thanjavur","Haryana"
608,"Tripathi-Nayar","Udant Kuruvilla","+915329946804","pshere@palla.com","74/957, Jhaveri Marg
Davanagere 376971","Gaya","Karnataka"
609,"Lall, Wable and Kota","Jhalak Ravel","+910908961291","padmanabhanlopa@sule.com","15/46
Prabhakar Chowk
Gorakhpur 376884","Shahjahanpur","Meghalaya"
610,"Shenoy, Patel and Varkey","Qadim Warrior","+918721978019","nagibrinda@puri.com","05/228
Shah Nagar
Guntur 250759","Nashik","Assam"
611,"Vig, Bawa and Ramaswamy","Owen Bansal","5267699863","fbhalla@wagle.com","44/14
Deshpande Nagar
Tirunelveli 774027","Hapur","Punjab"
612,"Prashad-Narula","Krishna Walia","+911596647928","lborah@sangha-raja.com","17/466
Dugar Street, Nangloi Jat-716536","Muzaffarpur","Jharkhand"
613,"Kunda Inc","Damyanti Saini","05418419148","bhavsarriya@vohra-kapoor.com","93
Barad Marg
Bahraich 219341","Hindupur","Himachal Pradesh"
614,"Kibe-Sathe","Nicholas Krishnamurthy","3177773402","vohralohit@varughese-saran.com","H.No. 35
Subramanian Street, Sagar-801340","Shahjahanpur","Kerala"
615,"Walia Ltd","Dipta Bajaj","01957215842","iyengaraarnav@devan.org","56/675
Kamdar Street
Nandyal 749045","Hajipur","Manipur"
616,"Krishnan, Ramachandran and Bhatti","Fariq Upadhyay","+915372046083","vaishnavi23@oak.com","H.No. 010
Mistry Ganj
Rajkot-239788","Bangalore","Goa"
617,"Kothari-Kala","Nimrat Bumb","7590149780","harshilsrinivas@sinha.com","H.No. 69
Chandran Marg, Ludhiana-361365","Ghaziabad","Jharkhand"
618,"Sanghvi, Morar and Narayan","Edhitha Manda","06408044395","jagdishsrinivas@das.com","H.No. 589, Minhas Zila, Hindupur 648558","Kakinada","Telangana"
619,"Zacharia-Sangha","Jhalak Badal","01969432437","osha77@sodhi.com","239, Kuruvilla Zila
Morbi 480148","Akola","Jharkhand"
620,"Naik, Chowdhury and Chakrabarti","Chaitanya Sami","+914995885276","matthewchaudhary@mukhopadhyay-samra.biz","00/551
Kothari Zila, Vijayanagaram-735559","Maheshtala","Himachal Pradesh"
621,"Borra, Murty and Dua","Simon Chandra","00003838019","kamdarchakrika@pillai.org","H.No. 799, Sarma Zila
Purnia-743293","Unnao","Telangana"
622,"Chaudhary, Kant and Kalla","Rishi Sarkar","+913581827987","chaudhrypooja@kakar.com","03/75, Kale Road
Gulbarga 487175","Patna","Odisha"
623,"Prabhakar, Tiwari and Mutti","Aachal Hari","04671022103","bghosh@wali.com","H.No. 80
Mand Zila
Aurangabad 960463","Meerut","Chhattisgarh"
624,"Saxena Ltd","Ronith Bahri","+910420369768","anirudhkarpe@issac-bali.org","50
Bajwa Street
Kanpur-884320","Amritsar","Manipur"
625,"Raju LLC","Geetika Sandal","+916938814514","amarajain@dubey.net","19/30, Memon Chowk
Madanapalle 312130","Silchar","Uttarakhand"
626,"Shanker Ltd","Ati Yadav","09807114163","chandresh02@lalla.biz","80/74, Kumar Nagar
Hospet-359796","Shivpuri","Madhya Pradesh"
627,"Nagy-Tandon","Warinder Gokhale","+915696378033","lrana@jaggi-andra.biz","07, Chada Street, Pune-565871","Muzaffarnagar","Tamil Nadu"
628,"Narula-Gulati","Damini Dhar","02951519960","hemaninigam@sahni-kakar.com","95/194
Andra Chowk
Surendranagar Dudhrej 029905","Mahbubnagar","Sikkim"
629,"Loke, Soni and Chhabra","Parth Kothari","+917332909178","sacharwyatt@bhattacharyya.com","074
Parikh Ganj, Warangal-032427","Phusro","Goa"
630,"Sama Group","Nidhi Virk","9187066720","calebdas@kothari.net","751, Pal Ganj, Raiganj-026124","Kolhapur","Tripura"
631,"Sagar, Rout and Nagar","Zayyan Chaudry","+910533395204","wdate@chaudhuri-baria.com","H.No. 58, Gole Street
Udupi 785263","Latur","Kerala"
632,"Date PLC","Hemal Sen","+917701483978","atharvyadav@mall-madan.com","H.No. 24, Acharya Nagar, Tiruvottiyur 952321","Firozabad","Goa"
633,"Rajagopalan-Ghose","Vritti Sampath","+912823549981","jatin86@sheth.com","87/785
Borah Road
Berhampore 147265","Pali","Sikkim"
634,"Natarajan, Hora and Om","Bhavini Vaidya","+917054901391","alkadas@ramanathan-dyal.org","H.No. 472, Bhargava, Amritsar 689143","Ludhiana","Uttarakhand"
635,"Johal Group","Chandresh Mangal","+910172156128","charleskakar@baral-shroff.com","80/83
Dey Chowk
Kochi 346952","Eluru","Karnataka"
636,"Chand, Shan and Ranganathan","Gayathri More","+915871698669","waliaunni@sundaram.com","950, Thaman Street
Dharmavaram 948775","Madanapalle","Mizoram"
637,"Sangha, Bora and Hans","Chakrika Lal","+919676509373","anirudhpatla@pall-sathe.com","H.No. 71, Hora
Srinagar 414582","Nangloi Jat","Bihar"
638,"Ramaswamy, Muni and Chanda","Jacob Rana","04724836735","dhaliwalabha@mandal.info","H.No. 619, Chopra Circle, Jorhat-735059","Jamnagar","Arunachal Pradesh"
639,"Mand, Kalla and Kala","Shaurya Bath","07161860720","chadajai@dhillon.com","H.No. 044, Sama Road, Silchar 154088","Ghaziabad","Andhra Pradesh"
640,"Bail, Sankaran and Mody","Kevin Sidhu","09484479063","fsheth@acharya.com","72/764, Mann Path, Indore 727092","Kollam","Tamil Nadu"
641,"Singhal Group","Vedika Sundaram","03675248514","gaurideol@goel.com","H.No. 10, Dayal
Vadodara-270087","Nashik","Manipur"
642,"Swaminathan, Vohra and Varghese","Ucchal Peri","+919054654855","upkaar31@warrior.net","H.No. 029
Narasimhan Chowk, Tezpur 709928","Ludhiana","Punjab"
643,"Padmanabhan-Vohra","Jacob Sastry","07434791824","sara79@thaman-bedi.com","H.No. 172, Lata Chowk
Sirsa-815486","Ghaziabad","Manipur"
644,"Mane and Sons","Jhalak Kulkarni","2368826161","raagini54@brar.com","20/818
Ramesh Road
Guntur-935057","Ramagundam","Chhattisgarh"
645,"Kota, Grover and Shenoy","Sarthak Kulkarni","+916671685974","raghavjohal@chawla.com","20/452, Vohra Nagar
Bhimavaram 198292","Uluberia","Arunachal Pradesh"
646,"Kar Group","Anay Bawa","06627843663","kjohal@rattan-devi.com","71/843, Mangat Nagar, Dewas-547583","Sagar","Haryana"
647,"Sagar, Varty and Bhat","Dayita Goswami","4956403333","barmanfinn@srinivasan-khalsa.info","H.No. 932
Pingle
Bareilly-328013","Kirari Suleman Nagar","Mizoram"
648,"Nagi Group","Radhika Majumdar","08464721479","baradanay@sandal.net","H.No. 643, Viswanathan Circle
Aurangabad 617190","Kulti","Chhattisgarh"
649,"Gupta, Lanka and Kulkarni","Benjamin Cheema","+918259739874","singhaloliver@vyas-pandey.com","H.No. 95, Rattan Ganj
Satara 842796","Purnia","Bihar"
650,"Shroff, Deshpande and Pal","Balendra Verma","04796263666","geetikadhaliwal@barman.com","53/307, Palan Marg
Adoni 553348","Hazaribagh","Mizoram"
651,"Sami-Sidhu","Farhan Arya","+912144331713","ranbir94@sundaram-batta.com","H.No. 02
Deshpande, Pondicherry-493970","Muzaffarpur","Gujarat"
652,"Edwin-Kashyap","Ucchal Bajwa","8912983665","abarad@banerjee.com","71/82, Palla Ganj, Amravati-937783","Bhopal","Mizoram"
653,"Saran Ltd","Pooja Misra","09387500664","dganesan@bail-basak.com","40, Behl Marg
Secunderabad 316910","Junagadh","Mizoram"
654,"Buch, Nazareth and Bala","Bishakha Bhavsar","+912961992846","uswaminathan@divan.biz","H.No. 213
Shroff Street
Kanpur-994156","Srikakulam","Sikkim"
655,"Gola, Sastry and Lata","Lakshmi Agarwal","3825221773","amara01@shankar.info","H.No. 267
Jani Marg
Vasai-Virar-875560","Haldia","Meghalaya"
656,"Sheth Ltd","Mitesh Rau","0322980962","shroffjagat@rana.com","21/783
Srinivasan Road, Thanjavur-472869","Firozabad","Mizoram"
657,"Manne-Chaudhary","Vedant Baral","8828855851","sharadha@chaudhuri.com","79/835, Mann Road
Kadapa 410341","Gorakhpur","Tamil Nadu"
658,"Mahajan PLC","Gabriel Goswami","5534652682","sshere@chanda.net","99/40
Gara, Gurgaon-920802","North Dumdum","Bihar"
659,"Samra, Nair and Bora","Yoshita Sandhu","4310179550","abha89@kala-modi.com","44/109, Luthra Road
Amaravati-150461","Pallavaram","Punjab"
660,"Thakkar-Sankaran","Riya Shah","5073798553","keya48@bahl.com","H.No. 48
Kannan Circle
Panvel 948538","Howrah","Uttar Pradesh"
661,"Modi LLC","Faraj Comar","+919360491782","zansiram@bhattacharyya.com","51/081
Bhattacharyya Marg, Sultan Pur Majra-414494","Coimbatore","Gujarat"
662,"Kota-Chowdhury","Vinaya Mand","07186532259","shetheiravati@mangat.com","215, Kamdar Path, Siwan 128115","Vijayanagaram","West Bengal"
663,"Kothari, Lal and Datta","Aryan Bose","5028025889","rramanathan@raman.net","H.No. 818
Sura Zila, Gurgaon-366253","Bareilly","Meghalaya"
664,"Dani-Gill","Kashvi Oza","1851323923","charvi53@sidhu.com","H.No. 43
Sandal Chowk, Cuttack-962092","Vadodara","Arunachal Pradesh"
665,"Chandran, Sarraf and Sami","Pahal Deep","05423633560","vsengupta@murty.com","622, Shan Street
Sonipat 070327","Baranagar","Punjab"
666,"Dalal, Bal and Dhingra","Daniel Oza","+912666651413","arunima80@sachdev.com","98/94, Lanka Nagar
Khandwa 489030","Mumbai","Haryana"
667,"Kata Group","Arunima Chanda","+914302540577","pahal18@mani.com","H.No. 56
Ram Ganj, Gandhidham-220671","Kavali","Manipur"
668,"Sangha Ltd","Nisha Chaudhary","+919583422553","bkunda@mandal.com","H.No. 88, Badal Circle
Parbhani-579624","Pudukkottai","Uttar Pradesh"
669,"Vig Group","Leela Dada","05686793272","jasmit48@pandey.info","H.No. 92, Lata
Kulti 697200","Kanpur","Jharkhand"
670,"Dayal-Kant","Vritti Parmar","+919042187750","girindratrivedi@samra-magar.info","73, Mani Path, Siliguri-577583","Bhopal","West Bengal"
671,"Sabharwal, Mammen and Tella","Edhitha Dora","08326600975","yochanabiswas@kothari-sant.com","503
Apte Ganj, Ambarnath 945912","Ichalkaranji","Arunachal Pradesh"
672,"Dugar-Majumdar","Nicholas Varma","+913079838033","kvora@palla.com","37/249
Barman Road, Hajipur 612667","Indore","Meghalaya"
673,"Arora-Mane","Ikshita Devan","1962978881","sachi44@narula.info","06/58, Subramaniam Path
Aurangabad 119990","Bareilly","Jharkhand"
674,"Dash, Comar and Garg","Neha Basu","1371978421","vaidyanaveen@kothari.com","393
Srinivas Street, Ghaziabad 335142","Ranchi","Andhra Pradesh"
675,"Kade-Naik","Gagan Palan","+914633901496","mason46@atwal-seshadri.com","H.No. 392
Tripathi Street, Kavali-615064","Morbi","Uttar Pradesh"
676,"Kari-Vig","Jeet Loke","06124366785","talwarryan@parikh.com","539
Deshpande Road, Bhagalpur-522149","Madhyamgram","Manipur"
677,"Bakshi-Tara","Oni Rattan","+911139677949","lsheth@tella-basu.com","H.No. 535
Kulkarni Ganj, Vellore-298981","Gaya","Bihar"
678,"Sarin-Sathe","Quincy Padmanabhan","07357348479","umurty@sekhon.com","H.No. 016
Sandhu Path
Hindupur-722825","Alappuzha","Andhra Pradesh"
679,"Gill, Narayan and Sahni","Dominic Khatri","+911490435730","vinaya67@kadakia.net","H.No. 936
Jani Marg, Bahraich 658864","Mathura","Tripura"
680,"Yohannan-Barad","Ekanta Sankaran","06601873411","goelindrajit@bala.com","H.No. 119, Morar Nagar
Nagaon-632241","Fatehpur","Odisha"
681,"Dada, Sawhney and Sethi","Amrita Kala","9070180674","harshilborde@sankar.net","42/314
Rajan Circle, Rewa-305661","Surendranagar Dudhrej","Uttarakhand"
682,"Chad, Ghosh and Kohli","Aashi Brahmbhatt","09688318788","revapadmanabhan@jha.net","H.No. 854, Prabhu Circle
Nagpur 646383","Thrissur","Punjab"
683,"Balan-Oommen","Sai Chatterjee","+910339096848","ybains@wali-gara.com","66/79
Bahl Street, Jaipur-702576","Panvel","Sikkim"
684,"Dar, Pandey and Garde","Urishilla Baral","2082275179","deepaboase@divan.com","H.No. 75, Kulkarni Chowk
Bhopal-472002","North Dumdum","Bihar"
685,"Buch Inc","Divya Parmer","7426982332","hardiksabharwal@barad.net","498
Mohan Marg
Bhatpara-038617","Allahabad","Maharashtra"
686,"Kala and Sons","Nachiket Pingle","+912265489394","goyalamaira@vaidya.com","40/512
Batra Nagar
Bihar Sharif 322919","Gangtok","Karnataka"
687,"Parmer, Sha and Bahl","Yash Prasad","9569306000","onveersachar@kalita.info","59/08
Krishnamurthy Circle, Navi Mumbai-459341","Munger","Tamil Nadu"
688,"Misra LLC","Vasudha Hayer","01178687952","farasgokhale@ram-padmanabhan.com","36/46, Mitra Marg, Hindupur-278989","Sultan Pur Majra","Assam"
689,"Aurora, Bhattacharyya and Menon","Chasmum Vohra","05516525367","korpalridhi@chander.com","260
Kar Chowk
Korba-574115","Rourkela","Tamil Nadu"
690,"Gala, Keer and Sethi","Qushi Wali","4606865408","xiti89@uppal.biz","30/37
Dasgupta Zila
Amravati 891470","Bellary","Arunachal Pradesh"
691,"Minhas-Narain","Ryan Om","02528003750","wrideshkhurana@purohit-tiwari.net","28
Bedi Road, Sri Ganganagar 571218","Parbhani","Karnataka"
692,"Thaker Group","Vasudha Dayal","9310540778","ubikachakrabarti@subramaniam.com","71, Parmar Marg
Delhi-199762","Amritsar","West Bengal"
693,"Shroff LLC","Inaya Kar","+913891636119","lbutala@dugar.org","84/55, Gala Circle
Madhyamgram-294453","Silchar","Andhra Pradesh"
694,"Dewan, Reddy and Badami","Abeer Sarraf","+915406197649","david43@goyal.com","40/050
Barad Road
Bhiwani 332621","Tumkur","Uttarakhand"
695,"Mannan and Sons","Ati Vohra","8692429337","voranitesh@borra-sarma.com","12, Bhardwaj Nagar, Dharmavaram-220167","Jaunpur","Odisha"
696,"Pal LLC","Faraj Karpe","03141241824","sulegaurang@subramanian.com","49, Ghose Marg
Khammam 800886","Mysore","Jharkhand"
697,"Kaur Ltd","Chavvi Bhavsar","08333977581","abeer77@seth.com","58/525, Tank Zila
Dibrugarh-789660","Arrah","Assam"
698,"Majumdar-Ratti","Chandani Dugar","5582139337","aishaninadkarni@deep.com","775, Hegde Zila, Tiruvottiyur-963758","Ambarnath","Arunachal Pradesh"
699,"Chaudhry LLC","Yug Gill","+918519397735","khoslachatresh@shetty-mittal.net","68/76, Johal Chowk
Navi Mumbai-815593","Korba","Uttar Pradesh"
700,"Bala, Borde and Acharya","Aadhya Prakash","06471878758","gauri78@sundaram.info","74/264, Hegde Circle
Ranchi 897635","Berhampore","Nagaland"
701,"Sheth-Lalla","Vanya Raval","8291170674","bmalhotra@chandran.com","913, Boase Nagar, Aurangabad 938767","Hajipur","West Bengal"
702,"Patil Group","Dipta Ravel","2020914648","farhanpurohit@kale-behl.info","95/59, Shere Ganj, Vijayanagaram 398155","Phagwara","Madhya Pradesh"
703,"Agarwal-Ramaswamy","Chatura Apte","04421119338","krishna09@mander.com","H.No. 909
Raj Circle
Orai 016692","Aurangabad","Sikkim"
704,"Narayanan, Basak and Khosla","Omya Sharaf","+917883132917","lbhalla@prakash-chawla.com","81/546
Pingle
Panihati 785542","Maheshtala","Karnataka"
705,"Dhar Group","Janani Wagle","08568283623","aahanasavant@karan-vyas.net","42/47
Sandal Marg
Suryapet-801433","Raichur","Karnataka"
706,"Narayan-Kadakia","Bakhshi Andra","+918133759392","viraj77@koshy.com","02/915, Deshpande
Latur-520407","Bhind","Uttar Pradesh"
707,"Koshy-Wason","Ubika Sandhu","+910088464953","maanavsaini@menon.com","39/158, Roy Nagar
Kamarhati-584950","Raichur","Goa"
708,"Shan, Kala and Om","Sudiksha Toor","07022382536","aahanamaharaj@shankar-chanda.info","H.No. 16, Handa Zila, Anand-035336","Tenali","Kerala"
709,"Lad and Sons","Vaishnavi Trivedi","+915503505676","lbhardwaj@mohan-trivedi.com","93
Kothari Ganj
Udupi 408604","Khammam","West Bengal"
710,"Arya, Wagle and Chana","Ekapad Chokshi","04917723312","samarmannan@raju.com","H.No. 61, Bawa Circle
Alwar 138685","Giridih","Mizoram"
711,"Wable-Narayan","Dakshesh Ahluwalia","02845109154","chopraatharv@wali-apte.com","40
Viswanathan Circle, Unnao 886924","Ramagundam","Punjab"
712,"Dutta, Kumar and Lad","Vrishti Rout","+911242809421","vaishnavi24@solanki.com","08/020
Sarin Marg
Purnia 342880","Ballia","Nagaland"
713,"Zacharia-Mishra","Jeremiah Bhardwaj","02904289120","vmorar@naidu.com","48, Batra Street, Haridwar 727255","Delhi","Uttar Pradesh"
714,"Som-Khare","Faras Dhaliwal","6009038689","anmoloak@murty.com","31/78
Kata Circle
Chinsurah 852647","Kulti","Mizoram"
715,"Muni, Oommen and Batra","Ayaan Zachariah","04448264883","uhanda@kala-prasad.com","H.No. 698
Biswas Ganj, Naihati 677331","Anantapur","Manipur"
716,"Naik, Pall and Wagle","Tanveer Gala","+916650203295","ijaya02@kannan.biz","741
Choudhry Chowk
Hazaribagh 616698","Agra","Chhattisgarh"
717,"Palla and Sons","Harrison Mannan","1635949017","yashasvimadan@behl.com","55, Zachariah Path
Udaipur 463174","Pallavaram","Andhra Pradesh"
718,"Yohannan, Soman and Bali","Harinakshi Anne","+914642361763","samakshnazareth@chaudry.com","19/680
Dave Chowk, Narasaraopet 049103","Surat","Mizoram"
719,"Kota PLC","Tara Sabharwal","02371331239","qmannan@sane.info","554, Dash, Surendranagar Dudhrej 747500","Akola","Andhra Pradesh"
720,"Chad, Boase and Andra","Wridesh Dani","1996153760","wmenon@kalla.biz","H.No. 71, Loke Marg, Mehsana 546014","Thrissur","Rajasthan"
721,"Hayre, Jha and Dave","Shaurya Sheth","+912089360346","mpai@mukherjee-gupta.net","H.No. 47, Shenoy Zila, Karimnagar 200848","Moradabad","Rajasthan"
722,"Gulati, Gara and Subramanian","Mugdha Bhargava","+915239636104","xiti46@issac.info","H.No. 634
Luthra Ganj, Eluru 633110","Bahraich","Nagaland"
723,"Purohit, Kale and Palla","Tamanna Mander","+914367988460","upasna87@sunder.com","45/638
Palan Street
Guntakal-699912","Mango","Goa"
724,"Balan-Goyal","Aarav Minhas","+912375333169","johalkalpit@kant.com","H.No. 832
Solanki Circle
Tirupati-837311","Pune","Jharkhand"
725,"Wable and Sons","Dakshesh Raval","0518047859","obabu@pandya.com","10/495
Kalla Marg
Gwalior 260596","Bidar","Jharkhand"
726,"Barman, Dara and Baria","Gaurav Baria","+911312528629","hiralsrinivas@dada-shere.info","73
Hayer Circle
Orai 346911","Amroha","Sikkim"
727,"Dara, Chandra and Gulati","Gaurika Dey","04763673501","pandeyvritti@khatri.info","77/853, Kannan Ganj, Jodhpur 961349","Imphal","Telangana"
728,"Mahal, Nigam and Chandra","Thomas Lall","7908687634","oliver80@kala.biz","H.No. 60
Kuruvilla Chowk
Sirsa 372315","Tinsukia","Bihar"
729,"Sahota-Kunda","Atharv Zacharia","06214839226","kallatanmayi@chada.com","H.No. 736, Bera Circle
Hajipur-025605","Solapur","West Bengal"
730,"Thakkar-Pal","Laban Peri","07612532107","purohitadvaith@taneja.com","H.No. 886, Khatri Zila
Mangalore 770487","Kishanganj","Maharashtra"
731,"Dass and Sons","Bahadurjit Chaudhari","+916689098498","aarav72@kothari.com","H.No. 72
Ramesh, Giridih-031060","Baranagar","Arunachal Pradesh"
732,"Pathak Group","David Swamy","00783579727","viswanathanpratyush@sen.com","H.No. 774, Chacko Road, Hyderabad-476069","Ozhukarai","Rajasthan"
733,"Karnik-Verma","Sathvik Andra","0324070274","chaturadas@gulati.com","070, Parmer Path
Faridabad 040983","Nandyal","Mizoram"
734,"Lata-Kala","Amaira Talwar","+915121559966","waliaansh@raja.com","H.No. 752, Kalla Street
Jalna 684629","Jabalpur","Odisha"
735,"Savant-Oak","Bahadurjit Dhar","1316643914","salvifariq@shan.com","12
Setty Path, Pune 704091","Panchkula","Punjab"
736,"Ram LLC","Raagini Nayar","07890604347","tandonsamesh@deol.org","H.No. 12, Mutti Chowk, Tiruppur-223303","Bahraich","Andhra Pradesh"
737,"Balasubramanian-Wable","Yug Brahmbhatt","+913397352562","sidhubaghyawati@pall-pandit.org","038
Vora
Indore-138680","Ujjain","Maharashtra"
738,"Bains, Jani and Lal","Timothy Morar","+910603018455","qadimbakshi@gola.com","40/849
Seth Road
Parbhani-723818","Junagadh","Odisha"
739,"Parmar PLC","Oviya Patel","2862558117","pathakfitan@wason.org","H.No. 06
Hegde
Salem-518649","Medininagar","Assam"
740,"Bhatt Inc","Yahvi Sankar","+916455307359","akshay74@sodhi.com","83, Buch Road
Ramgarh 736865","Nanded","Maharashtra"
741,"De-Gokhale","Rehaan Jain","8777270520","mohammed27@palla-gade.biz","54/78
Pal Road, Chandigarh 715058","Pune","Himachal Pradesh"
742,"Swaminathan, Bhasin and Srinivas","William Dubey","+919224109460","kalagirish@choudhry-nigam.info","H.No. 34, Khanna Ganj, Raipur 815149","Etawah","Chhattisgarh"
743,"Hari PLC","Henry Goel","+913156700771","varshahalder@bobal.com","H.No. 380, Sani Circle, Jodhpur-162829","Rewa","Haryana"
744,"Jha-Atwal","Frado Gole","9656912355","deviomaja@sen-puri.com","02, Chaudhuri Ganj, Varanasi 145305","Bangalore","West Bengal"
745,"Chaudhari-Ratti","Ojasvi Sule","+918135804929","owagle@madan.com","03/159
Karpe, Guntur 610132","Aurangabad","Sikkim"
746,"Sarraf, Andra and Thaker","Yoshita Hari","7397947248","yatanchoudhry@andra-sami.com","H.No. 173, Hayre Path
Ambala 039577","Maheshtala","Goa"
747,"Vaidya, Gopal and Sharma","Chandran Virk","4712393007","luthraupma@bhardwaj.info","75/311, Kumar Street, Jhansi 972914","Jalgaon","Tamil Nadu"
748,"Khurana-Sathe","Samaksh Naidu","01209453681","sankaryutika@mohanty-bir.com","87/82, Sandhu Nagar
Hajipur-914623","Rourkela","Manipur"
749,"Sachar-Narasimhan","Sanya Uppal","0837101112","rattanekaja@chaudhary.net","40, Golla Road
Ghaziabad-847963","Karimnagar","Gujarat"
750,"Sen-Dar","Praneel Uppal","+916948347858","aratta@mangal.net","10/590, Parsa Zila
Bangalore-428034","Berhampore","Tamil Nadu"
751,"Mohan-Mittal","Hemani Nori","02931591657","sarthakdyal@mallick.com","H.No. 896
Wadhwa Marg
Kottayam 678268","Nagercoil","Chhattisgarh"
752,"Saini-Khurana","Gavin Basu","02780977501","thomas25@ramakrishnan-kuruvilla.biz","212
Bora Circle, Delhi-087389","Tirupati","West Bengal"
753,"Mutti-Baral","Ayaan Doshi","5911063822","xpatil@handa.biz","99/413
Kakar Circle
Buxar 822191","Imphal","Nagaland"
754,"Kapadia Ltd","Benjamin Savant","08486828683","subramaniamjairaj@acharya.com","41/099, Banik Nagar
Gudivada-291810","Serampore","Rajasthan"
755,"Srivastava, Mukherjee and Dhillon","Tanvi Parmar","7326957128","indira95@gera-vohra.com","43/332, Chandran Chowk, Pimpri-Chinchwad 899998","Latur","Chhattisgarh"
756,"Barad, Mani and Sastry","Ryan Tandon","5339811795","davethomas@mitter.com","47/814, Kakar Path, Muzaffarpur-822208","Kharagpur","Andhra Pradesh"
757,"Dyal LLC","Tejas Kuruvilla","04720084169","kondaaayush@hari.org","H.No. 09, Parmar Zila
Mangalore-166333","Akola","Jharkhand"
758,"Lad Group","Yatin Chowdhury","+915658518058","dalaja11@kala.com","46/027, Sarna, Machilipatnam-776543","Begusarai","Karnataka"
759,"Raja PLC","Xiti Hayer","+910146901453","takgeetika@hari-tandon.biz","25/543, Buch Street, Chapra-512179","Berhampore","Karnataka"
760,"Devan Inc","Avi Khosla","03742050116","choudhurydakshesh@vaidya.com","329
Doctor, Visakhapatnam 848041","Satna","West Bengal"
761,"Chaudhuri Ltd","Ethan Chaudhry","+918721432377","forum31@deshmukh.com","89/850, Kalla Road, Kharagpur-658303","Darbhanga","Manipur"
762,"Deshpande, Kata and Parmer","Lipika Halder","3063057555","falan56@saha-sarkar.org","H.No. 152
Sachar Ganj, Kottayam-672372","Bhopal","Punjab"
763,"Raman Ltd","Rehaan Swamy","7001022273","christopher46@sengupta.com","031
Kapoor Nagar
Mango 972847","Sasaram","West Bengal"
764,"Nori Ltd","Chanakya Dara","+910669595019","jagat00@kurian.com","H.No. 63, Ranganathan Nagar
Chandigarh-307459","Bhilwara","Rajasthan"
765,"Loyal, Sathe and Dada","Udarsh Shroff","+911467182479","preddy@choudhary.net","H.No. 37
Saini Ganj, Farrukhabad-035496","Dehri","Rajasthan"
766,"Varkey, Bajwa and Pai","Chameli Sinha","+917342280057","baljiwanranganathan@sur.com","757
Modi Chowk, Kochi 190604","Mirzapur","Gujarat"
767,"Bhat, Butala and Bal","Vrinda Rajagopalan","08366647186","suhani92@taneja.com","H.No. 978, Thakur Chowk, Vasai-Virar-746688","Ahmednagar","Odisha"
768,"Nath Ltd","Neha Kata","+917224904677","deepashanker@dey-purohit.net","24/95
Merchant Marg, Bharatpur 103958","Aligarh","Madhya Pradesh"
769,"Tara, Vyas and Kaur","Ethan Varma","04475617447","sarmasamesh@rastogi.com","98
Chaudhuri Road
Yamunanagar 812518","Nagpur","Sikkim"
770,"Parmar, Kata and Malhotra","Siya Bhakta","+913183135751","narayanvrinda@vaidya-deep.com","89/878, Chokshi Road, Shimla 118018","Pudukkottai","Manipur"
771,"Chandran-Biswas","Laksh Raju","08514759764","kalabrahmbhatt@hora.com","860, Rege
Jaipur-499962","Shahjahanpur","Maharashtra"
772,"Majumdar, Garde and Gour","Simon Borde","+917451256525","vdeo@sodhi.com","H.No. 448, Barad
Hubli–Dharwad-201894","Arrah","Goa"
773,"Bera and Sons","Chaitaly Nagi","+919740886859","zbandi@doctor.net","H.No. 569, Mane Circle, Bhusawal 431564","Agartala","Odisha"
774,"Ranganathan-Bawa","Chakradhar Manda","4636182443","raghavanjanani@patla-rattan.net","H.No. 12, Arora Nagar, Chandigarh-468423","Tumkur","Mizoram"
775,"Sule Group","Tarak Ghose","3098169149","girikbhatt@sathe.com","20/73
Thakur Circle
Jalandhar 956790","Kanpur","Odisha"
776,"Kalita Group","Zashil Panchal","03832200033","ysabharwal@nair.org","H.No. 33, Thaker Path
Muzaffarpur-368802","Bharatpur","Goa"
777,"Bhasin, Arora and Mangat","Rachit Chadha","7084527627","zkhanna@raju.com","705, Mane Road, Jhansi 431577","Bhatpara","Mizoram"
778,"Sastry Group","Lohit Radhakrishnan","+911017991039","tdada@raj.info","10/35, Ahluwalia Street, Suryapet-978257","Sonipat","Gujarat"
779,"Sachar Group","Xiti Kunda","00505587647","sethchatura@saini-oza.com","H.No. 847
Jain Road
Unnao-504990","Meerut","Arunachal Pradesh"
780,"Vaidya Group","Sachi Misra","+917903957244","ravelanjali@shroff.info","226, Bhatti Ganj, Ghaziabad-353351","Gandhidham","Mizoram"
781,"Srivastava, Walla and Korpal","Harita Bassi","2476135187","prabhakargeetika@loyal-dua.com","08/106, Joshi Road, Ranchi 741675","Sirsa","Telangana"
782,"Dutt-Dua","Kamala Bawa","06507341756","hamsinikrishnamurthy@gill.com","04/182, Shenoy Path
Sagar-828957","Darbhanga","Uttarakhand"
783,"Munshi, Palan and Balay","Aarush Mahajan","+916261625717","qmitter@lal.com","H.No. 522, Chanda Nagar
Malegaon 692366","Latur","Haryana"
784,"Kurian LLC","Abeer Master","01807469531","nimrat72@narayanan.com","H.No. 73, Kanda, Bidar 229633","Bellary","Assam"
785,"Merchant, Subramaniam and Mody","Ishani Nadkarni","1302385698","amblemanthan@choudhury.com","08/69
Trivedi Marg, Sonipat 158414","Pudukkottai","Manipur"
786,"Chacko-Arora","Bhavini Panchal","0130554072","sdalal@sane.com","052, Kala Street, Dibrugarh 970302","Sonipat","Haryana"
787,"Rege-Rajagopal","Hema Wadhwa","2018446485","warindersabharwal@nath.com","08/644, Sankaran Zila
Karawal Nagar-530144","Giridih","Jharkhand"
788,"Palla-Khosla","Jagvi Batta","03413675515","xitisundaram@barad-dara.net","13/52, Doctor Road, Kanpur-870895","Bhimavaram","Manipur"
789,"Buch-Pandey","Atharv Choudhury","7760008141","tkata@dutta.com","H.No. 967
Sunder Street, Baranagar 879121","Baranagar","Assam"
790,"Kapur Inc","Ethan Boase","05915834846","npalla@pal.com","H.No. 745, Chanda Street
Sonipat-573183","Surendranagar Dudhrej","Punjab"
791,"Grover-Dass","Vamakshi Deo","4940955721","charita28@sekhon-kanda.biz","10/52, Aggarwal Ganj, Ramagundam 539595","Mira-Bhayandar","Meghalaya"
792,"Deo Inc","Harish Chandran","2222613645","kashyaphritik@sanghvi.com","39/76, Sengupta Street, Dehradun 018614","Thane","Karnataka"
793,"Som, Bains and Garde","Gopal Arya","01210910558","aayushshah@dyal-varty.info","26, Basu Ganj
Guntur-858444","Moradabad","Kerala"
794,"Oommen and Sons","Wazir Bal","7956220742","dipta73@babu-comar.com","H.No. 45
Tella
Bhimavaram 781186","Gandhidham","Chhattisgarh"
795,"Raj, Kale and Mannan","Chanchal Sen","04086884794","cbhatt@seth.info","22/148
Sundaram Ganj, Katni 480452","Raebareli","Maharashtra"
796,"Devan, Goel and Virk","Vihaan Uppal","04300861385","amara02@dhillon-manda.com","86/471
Kamdar Ganj, Madurai-171834","Alappuzha","Uttar Pradesh"
797,"Lad-Kaur","Mekhala Dugar","5589591290","veer33@sankar-misra.com","487
Vyas Circle
Tirunelveli-361744","Malegaon","Chhattisgarh"
798,"Bhatia LLC","Maanav Srivastava","+916320346088","vedikadhar@bhatia.net","H.No. 90, Nagarajan Road, Srinagar 270127","Kishanganj","Arunachal Pradesh"
799,"Chandran-Pradhan","Hamsini Nair","+912129873323","kadekrishna@ratta.info","H.No. 53, Hayre Ganj, Gurgaon 518161","Kollam","Telangana"
800,"Sunder, Bail and Ahuja","Nathaniel Singh","9970331064","akshaysuresh@guha-salvi.com","630, Shanker Zila, Shahjahanpur 399917","Pune","Telangana"
801,"Jani Inc","Osha Agarwal","07068691278","krishupasna@mammen-madan.com","44/349
Sankar Nagar, Jodhpur-608176","Visakhapatnam","Punjab"
802,"Borah and Sons","Zinal Deshpande","8806297219","kumeryashoda@grover.com","497
Nagy Ganj, Mau 087064","Akola","Himachal Pradesh"
803,"Murthy-Sinha","Mohini Sen","1398416991","xitibatra@sarna.biz","55/76, Chad
Patiala 132419","Karimnagar","Mizoram"
804,"Choudhary-Seshadri","Shivani Chaudry","+919013478780","shivanshdixit@khalsa.com","H.No. 215, Seshadri Ganj, Khammam 805683","Khora ","Maharashtra"
805,"Karan-Mammen","Ishani Mukhopadhyay","8110483248","george64@vala.com","34/440, Khare Street
Patna-684215","Ajmer","Madhya Pradesh"
806,"Majumdar Inc","Naveen Bassi","+918861566350","kalpitsankar@bandi.com","19
Andra Ganj, Vadodara-224175","Secunderabad","Goa"
807,"Srinivasan, Thakkar and Ratti","Vedhika Kara","04495080418","oaklajita@puri-prabhakar.com","02/254, Joshi Chowk
Mangalore-858533","Maheshtala","Kerala"
808,"Pall Ltd","Ishani Lad","9214132133","zachariahrachita@ramachandran.com","H.No. 799, D’Alia Chowk, Thane 907315","Anand","Meghalaya"
809,"Sankaran PLC","Anjali Sibal","7895870191","nadkarniikbal@khare.org","42/53
Vala
Malda-479336","Madanapalle","Telangana"
810,"Bal, Chander and Guha","Janya Mane","06789699129","vasudha32@shanker.com","44/490, Basak Zila, Karaikudi-159598","Motihari","Bihar"
811,"Handa-Krishnan","Ira Vig","01007014558","cnaik@dua.info","38/348
Randhawa Nagar
Silchar 949669","Patiala","Nagaland"
812,"Soni Inc","Madhavi Zacharia","4589847560","tristanjohal@bahri.info","94/431, Wadhwa Zila, Aurangabad 443736","Berhampur","Jharkhand"
813,"Mitter, Agate and Bawa","Arin Dhar","02449133913","ysoni@andra-kalita.info","H.No. 717, Sura Road
Guwahati-313886","Ambala","Uttar Pradesh"
814,"Verma Ltd","Ijaya Wadhwa","06524853822","yanand@uppal.net","H.No. 855
Ramakrishnan Road
Sonipat 083218","Bhusawal","Gujarat"
815,"Puri and Sons","Ekaraj Rajagopalan","2223408435","sakshampandey@dar.com","12/60
Bedi Marg, Pondicherry-072283","Narasaraopet","Bihar"
816,"Kanda PLC","Rehaan Kari","7579871253","sankarfariq@gera.info","12/13, Sachdeva
Gurgaon-120563","Arrah","Rajasthan"
817,"Lal PLC","Raagini Chaudhry","+915047808430","chanalaban@ratti.info","14/006, Srivastava Path, Panipat-837294","Raiganj","Arunachal Pradesh"
818,"Amble-Karan","Jacob Chandra","+914176320675","pahluwalia@butala.com","H.No. 217, Karan Ganj, Muzaffarnagar 332426","Dibrugarh","Arunachal Pradesh"
819,"Dhingra-Tella","Ojasvi Randhawa","+912541912345","hemabatta@gandhi.com","06
Tella Zila, Bellary-720413","Mahbubnagar","Rajasthan"
820,"Sarna and Sons","Om Comar","9301987164","lsahota@nath.com","H.No. 31
Goswami Chowk
Karaikudi 378402","Maheshtala","West Bengal"
821,"Sankar-Date","Farhan Thaman","09433106410","dborah@mohan.com","87/381
Biswas Nagar
Siliguri-818010","Kishanganj","Assam"
822,"Sampath-Dugar","Patrick Chopra","09763163328","upadhriti31@dara.info","25/43
Ravel Marg, Ahmedabad 066154","Hapur","Telangana"
823,"Bhandari PLC","Urmi Char","+917958710719","aahana46@dara.com","64/766, Rajan, Ichalkaranji-484352","Vellore","Assam"
824,"Gour LLC","Kamya Bahri","07038202886","ymaharaj@jha-khosla.com","53/38, Chhabra Marg
Dewas 059690","Jorhat","Sikkim"
825,"Hans-Om","Ekani Chokshi","5194360713","bathupkaar@agarwal.com","45/762, Sagar Chowk
Kamarhati-714385","Guntakal","Chhattisgarh"
826,"Agrawal LLC","Ayush Datta","0978662655","aachal76@mukherjee-sengupta.com","94/48, Kanda Zila, North Dumdum-766126","Bhalswa Jahangir Pur","Haryana"
827,"Seth Group","Jairaj Narula","+917775150434","nicholasshukla@chaudry-saini.info","35/050
Bora Circle, Mysore-154249","Gwalior","Himachal Pradesh"
828,"Arora, Sampath and Karnik","Deepa Kunda","8441160742","menonbrinda@grover.info","H.No. 34, Khurana Ganj, Guntur 266261","Burhanpur","Madhya Pradesh"
829,"Chakrabarti-Thakur","Edhitha Kumar","3578039996","nigamanirudh@vala.com","99/174, Sur Ganj, Avadi-418192","Sikar","Tripura"
830,"Bedi, Pandit and Banerjee","Jeevika Balakrishnan","+913794040875","rastogiurvashi@chauhan.biz","44, Trivedi Road
Phusro 365399","Saharsa","Tamil Nadu"
831,"Vyas-Gupta","Jyoti Ram","2512205487","paninimemon@khanna.info","47/22
Ram Nagar
Bellary 582406","Tenali","Kerala"
832,"Khatri Group","Krish Sami","+912212609084","vsuresh@sahota.org","46
Chatterjee Street, Aizawl 508259","Latur","Goa"
833,"Karpe-Basak","Zaitra Keer","+915873223272","berachasmum@dora.net","05, Balasubramanian Marg
Bhind 635079","Hajipur","Odisha"
834,"Barman Group","Advika Das","+912228777960","tarasengupta@naik.biz","09/719
Barad Path
Raipur-958683","South Dumdum","West Bengal"
835,"Seth-Prakash","Tanish Bera","00321801537","skara@chopra-ghose.com","05, Arya Ganj
Anantapuram-335430","Rampur","Jharkhand"
836,"Khurana, Sagar and Deshpande","Amaira Joshi","+919700305394","girindrawali@kala.net","81
Naidu Path
Kumbakonam 252459","Patiala","Tripura"
837,"Srinivasan and Sons","Ayaan Saha","07923150826","dkaul@upadhyay.com","302, Verma Zila, Uluberia-185495","Bhubaneswar","Uttar Pradesh"
838,"Pal, Sodhi and Sanghvi","Nirja Thaman","1196907259","vkadakia@golla.net","H.No. 302
Gour Street, Saharsa 702638","Nizamabad","Mizoram"
839,"Badami LLC","Rehaan Chahal","03678075372","awalla@korpal.net","44/176
Tata Circle
Patna 908565","Kadapa","Uttar Pradesh"
840,"Sangha-Deol","Lopa Puri","7839155928","masondevan@krishnan.com","H.No. 50
Khosla Circle, Kottayam 964280","Machilipatnam","Bihar"
841,"Narula-Mall","Warinder Arora","9013480181","lalethan@ramanathan.com","88/09
Gole Marg
Kalyan-Dombivli 175279","Begusarai","Gujarat"
842,"Johal, Sami and Sood","Prisha Menon","+910510239963","david62@bhasin-mane.biz","01/573
Gopal Nagar, Indore-695961","Bally","Goa"
843,"Bhavsar-Nadkarni","Jagdish Pal","4696588274","ymahal@joshi.org","H.No. 739
Palla Zila
Khandwa-469807","Tiruchirappalli","Odisha"
844,"Gokhale, Tank and Swaminathan","Utkarsh Babu","+918190196794","noah31@kari.net","53/012
Tak Marg
Berhampore-489459","Guna","Sikkim"
845,"Golla PLC","Hritik Gulati","08460746519","janakimuni@mammen.org","043
Kaur Ganj
Hospet-591635","Khora ","Bihar"
846,"Naidu, Mutti and Dada","Isha Saraf","+915505828936","pmander@acharya-batta.com","797, Naidu, Kishanganj 023788","Buxar","Haryana"
847,"Swamy, Mukherjee and Mann","Chakradhar Singhal","05051894075","karpefrederick@pai-ahuja.com","H.No. 64, Kunda Path
Berhampore 709995","Durgapur","Mizoram"
848,"Modi Group","Zansi Srivastava","+915007798240","anitabava@barad.com","96/87
Tripathi Ganj
Medininagar-504504","Thiruvananthapuram","Himachal Pradesh"
849,"Sahni Group","Jalsa Uppal","+913402197822","prakashekalinga@arya.com","17, Pal Zila
Nellore 494701","Ichalkaranji","Karnataka"
850,"Sarma-Dutt","Yauvani Loke","+916824665726","kotaveda@baral.com","H.No. 74
Choudhry Road
Bhagalpur-292721","Eluru","Madhya Pradesh"
851,"Sahota PLC","Wriddhish Tiwari","01952816097","ramaswamyveer@goda.com","987
Balakrishnan Circle
Dhule-179837","Firozabad","Rajasthan"
852,"Gala, Subramanian and Goyal","Zaitra Gokhale","3164465544","sandhuharrison@desai.org","84/02
Oza Road
Jorhat 209586","Karimnagar","Rajasthan"
853,"Gade, Dar and Thaman","Jagdish Acharya","+910988521209","sanayabaral@varma-varty.net","23, Kapoor Zila
Nangloi Jat 009906","Varanasi","Chhattisgarh"
854,"Tiwari, Kalla and Sunder","Vyanjana Sinha","+914843951144","gaganzachariah@sanghvi.com","73/33
Kale Marg
Vasai-Virar 806108","Danapur","Himachal Pradesh"
855,"Swamy PLC","Abhiram Balay","+918359311536","isaacpingle@datta-mohanty.info","38, Nath Circle
Haridwar-754725","Hindupur","Nagaland"
856,"Joshi, Sawhney and Chokshi","Zaid Chaudhary","2411690796","chaitalykapur@sehgal-venkataraman.net","H.No. 57
Sundaram Circle, Mango-776209","Raipur","Goa"
857,"Sidhu, Dewan and Sachdev","Unnati Murthy","3841020055","koshygaurav@guha.org","H.No. 530, Tank Road
Bhopal-583575","Kota","Chhattisgarh"
858,"Balay, Bath and Wadhwa","Yashica Bal","+919887711511","wbobal@pau.com","58/08, Doctor Marg
Raichur 544008","Kottayam","Uttar Pradesh"
859,"Sarna, Prakash and Balakrishnan","Arya Edwin","+912147705552","xavier84@halder-padmanabhan.biz","786
Borde Ganj
Ramgarh-368959","Surendranagar Dudhrej","West Bengal"
860,"Bahl Ltd","Megha Tripathi","09525371219","girindrachander@kade-kale.com","34, Kapur Nagar
Ulhasnagar-009953","Jammu","Uttar Pradesh"
861,"Mani-Khurana","Pallavi Choudhry","04643589021","hkapur@kakar-dora.com","37/976
Chandra Circle
Naihati-216666","Buxar","Sikkim"
862,"Mitter, Kunda and Rao","Isha Parsa","6702615056","irawalia@dugar.com","H.No. 90, Mahajan Zila
Saharanpur 169189","Parbhani","Assam"
863,"Kale, Dasgupta and Chawla","Jhalak Madan","0561836568","udyati35@rau.com","54/19
Pradhan Nagar
Kurnool-579709","Mira-Bhayandar","Tamil Nadu"
864,"Mistry LLC","Zayan Iyer","6658782899","gopal42@shan.org","H.No. 061
Tak, Surat-149862","Warangal","Meghalaya"
865,"Nayak-Das","Chasmum Babu","+910265467276","mohini55@narang-bala.com","04/26
Borde Zila, Howrah-097971","Suryapet","Uttarakhand"
866,"Kari, Mane and Saran","Tarak Nagy","7886781409","akshay55@bhatia-som.com","H.No. 158
Suresh Chowk
Kharagpur 272065","Amaravati","Telangana"
867,"Chawla-Gill","Nicholas Bhalla","02756100024","sarinupasna@sagar-dasgupta.com","H.No. 468
Ben Street, Yamunanagar 465953","Ambarnath","West Bengal"
868,"Kumar and Sons","Dalaja Misra","+917922735495","banjeetsharaf@dube.com","98/844, Patil Ganj
Orai 764810","Chennai","Jharkhand"
869,"Bhalla, Soni and Zachariah","Nihal Upadhyay","+917739122777","wnatarajan@das-sarna.com","75/756
Mohanty
Aurangabad-239100","Srikakulam","Chhattisgarh"
870,"Agarwal, Mander and Krishnamurthy","Samarth Saraf","3891659098","jacobmani@yogi.com","91/12
Barad Ganj, Ambala 789004","Nagercoil","Sikkim"
871,"Sundaram, Soman and Seshadri","Pooja Rajagopal","02568727659","rdatta@dyal.biz","60/718, Taneja Nagar
Amaravati 168575","Karimnagar","Karnataka"
872,"Walla, Swamy and Mahal","Azad Sharaf","05215455018","saksham15@suresh-karnik.info","39/901, Ahluwalia Street
Nagpur 512824","Chinsurah","Telangana"
873,"Parmar Ltd","Dayamai Gulati","+919861711002","abhamane@master-majumdar.com","H.No. 14
Cherian Path, Bongaigaon 489991","Bathinda","Assam"
874,"Bhattacharyya, Kapadia and Narang","Benjamin Dhawan","02945489634","jagatshah@cherian.org","H.No. 18
Prashad Chowk
Kollam-546080","Hindupur","Gujarat"
875,"Dayal, Maharaj and Wadhwa","Prisha Taneja","+915572381953","doshiadweta@sachdev-chaudhuri.org","H.No. 33
Raja Marg
Dharmavaram 562021","Sultan Pur Majra","Tripura"
876,"Venkatesh-Halder","Oni Anne","6381572448","saxenaxalak@amble-kala.org","H.No. 96, Sen Chowk
Haridwar-582695","Sasaram","Bihar"
877,"Dhillon PLC","Eta Toor","02621769011","achand@devi.com","09, Walla, Kishanganj 937848","Giridih","Uttarakhand"
878,"Hayer Group","Hitesh Shere","03053535709","baburidhi@bhatnagar.com","H.No. 826
Bali Chowk, Ahmedabad 514212","Etawah","Sikkim"
879,"Hari, Choudhary and Savant","Harshil Ratta","07289905719","mchacko@rege-kanda.info","H.No. 514
Narayan
Erode 614416","Shimla","Mizoram"
880,"Ratta Inc","Yachana Chhabra","03751236354","xaviersalvi@cheema-sankaran.org","93/822
Thakur Road, Hubli–Dharwad 981077","Ranchi","Arunachal Pradesh"
881,"Kala, Gokhale and Oza","Bahadurjit Raghavan","7028712185","karanharsh@wason.com","H.No. 474
Shukla Zila, Vadodara-463763","Maheshtala","Jharkhand"
882,"Ganesan, Manne and Sachdeva","Hardik Goswami","+911173859147","mallickladli@parekh.com","42/62
Mohanty Street, Guntakal-348412","Thrissur","Arunachal Pradesh"
883,"Chadha LLC","Ishaan Jha","03819123778","jacob84@panchal-sarna.net","33, Sengupta Circle
Tadipatri-705631","Chennai","Madhya Pradesh"
884,"Buch Group","Samuel Sawhney","+912517313843","sakshamtiwari@bassi-chopra.info","H.No. 45, Upadhyay Chowk
Ratlam-428582","Bilaspur","Maharashtra"
885,"Jha PLC","Abdul Wagle","+919282473761","bhavikadesai@das.org","69/507
Viswanathan Path, Berhampore 614659","Rajahmundry","Sikkim"
886,"Khare, Gera and Ramesh","Vincent De","+912137302563","bailbalendra@peri.com","66, Taneja, Guna-546622","Gangtok","Nagaland"
887,"Deep, Kamdar and Ray","Jasmit Barman","5098092256","fariqyogi@borah-jani.com","74, Jani, Munger 435989","Proddatur","Haryana"
888,"Banik, Sant and Sharaf","Dhruv Narasimhan","+915921181110","ckorpal@sridhar-palan.net","H.No. 940
Bhalla Circle, Dhule 997494","Firozabad","Assam"
889,"Bhardwaj PLC","Mitesh Dash","+919852755505","thakurdalbir@randhawa-andra.com","04
Sani Road, Danapur 347806","Mira-Bhayandar","Nagaland"
890,"Savant PLC","Onveer Hari","07986624155","patiloeshi@mander.com","63/39, Rau Circle, Mau-792507","Mahbubnagar","Rajasthan"
891,"Mitra-Pradhan","Kamya Goda","5410797168","jagatsehgal@gupta.org","75, Yogi Marg, Kollam 364656","Dibrugarh","Himachal Pradesh"
892,"Sachdeva and Sons","Girik Bhatia","+914025040145","anikanori@deo.net","79/77
Ram Road, Nagaon-336693","Thanjavur","Kerala"
893,"Jani and Sons","Leena Aggarwal","+917113693088","gtripathi@prashad.com","H.No. 134, Sandal Path
Ozhukarai-316912","Nanded","Jharkhand"
894,"Dutta-Andra","Irya Baral","+917579581997","gaurinagy@oza.com","H.No. 58
Wable Path, Panvel 286703","Surendranagar Dudhrej","Arunachal Pradesh"
895,"Ganguly Group","Upkaar Kunda","07776659174","tnagi@parsa-prashad.com","H.No. 22, Bhandari Nagar, Katni-810502","Jabalpur","Jharkhand"
896,"Dora-Raj","Imaran Johal","3733514264","lipika37@bhavsar-manne.org","H.No. 96
Lad Ganj, Raurkela Industrial Township 126548","Alwar","Uttarakhand"
897,"Sankaran-Khanna","Waida Yohannan","8776353621","parekhnaveen@chakraborty-balakrishnan.com","92/726, Magar Path
Patna-867352","Thane","Uttarakhand"
898,"Pathak, Chadha and Sunder","Anmol Chadha","5327140239","mohammedpradhan@tella.net","H.No. 554
Koshy Chowk, Bilaspur-210315","Parbhani","Punjab"
899,"Buch Ltd","Megha Varughese","+919857769861","omalhotra@karnik-rajagopal.com","H.No. 110
Dayal Path, Salem 749198","Dindigul","Andhra Pradesh"
900,"Baria-Sodhi","Gauri Kalla","08850702043","nayarzashil@sheth.info","078
De, Ichalkaranji-237918","Yamunanagar","Jharkhand"
901,"Dar-Bhasin","Manya Sharaf","+915687001217","chaudryaadhya@baral-sankar.info","12/63, Doshi Street, Davanagere 698117","Tenali","West Bengal"
902,"Dalal-Pal","Laban Varty","+911357810840","yoshita44@deshpande-sama.com","64/91, Narang Marg
Madurai-170013","Agartala","Rajasthan"
903,"Mishra-Deshmukh","Mitesh Kar","+913692478001","mitraekansh@bir.net","84
Pal Circle
Fatehpur 804230","Bhusawal","Goa"
904,"Dugal Ltd","Ikshita Chahal","07879049906","vedhikaramesh@sengupta-mall.org","H.No. 08, Chahal Zila
Bahraich 514330","Jabalpur","Maharashtra"
905,"Sarma-Kade","Ekanta Saini","7488540549","chandreshwalia@wason.com","23/881
Kashyap Street, Danapur 885832","Jalna","Himachal Pradesh"
906,"Keer Ltd","Zashil Thaman","3688825664","umani@thakur.org","05
Gopal Circle, Thiruvananthapuram-480704","Faridabad","Jharkhand"
907,"Ghosh-Panchal","Anusha Patla","03540098806","dugarnirja@barad-sankaran.com","250
Chakraborty Nagar
Raichur-570297","Jamnagar","Maharashtra"
908,"Bir-Din","Naveen Mitra","+911066477171","raichatura@padmanabhan.com","32, Basu Marg
Aurangabad-384483","Junagadh","Punjab"
909,"Chopra Group","Yatan Balan","01475173498","balalaban@sem-merchant.org","04/10, Golla Nagar
Cuttack-504739","Shimoga","Uttar Pradesh"
910,"Kashyap-Sura","Vinaya Pandit","08473462694","lucky46@bumb.com","75/50, Narain Marg, Bhilwara-818774","Orai","Assam"
911,"Anand Ltd","Niharika Walla","7251707927","idika78@bala-malhotra.com","H.No. 06, Date Road
Purnia-644302","Kurnool","Punjab"
912,"Pall and Sons","Bishakha Dube","+917743682910","sudikshasidhu@jayaraman.com","64
Raghavan Path, Loni 531386","Vasai-Virar","Bihar"
913,"Rajagopal, Bhatt and Dass","Riya Arya","06710737509","biswasveer@bajaj.com","H.No. 04
Butala Nagar
Phusro-749128","Rampur","Karnataka"
914,"Aggarwal, Pal and Bhasin","Sanaya Dani","2763224966","liam28@nagar.com","861, Prashad
Bettiah-698900","Kumbakonam","Haryana"
915,"Cheema Inc","Tristan Raj","+910223578225","kapooranamika@shere-bajaj.net","H.No. 26
Kashyap Chowk
Tirunelveli-707811","Bhilwara","Haryana"
916,"Mishra-Dass","Triveni Banerjee","+912456040473","rajaom@salvi-sandhu.org","571, Sha Marg
Dewas-365209","Guwahati","Kerala"
917,"Kapadia-Talwar","Upma Tella","+918093960585","rachanabhardwaj@gara.info","H.No. 14
Som Ganj, Cuttack-468173","Moradabad","Tripura"
918,"Kara PLC","Neha Parsa","2966498765","anamikatandon@soman.biz","58/86, Dey Street
Tiruvottiyur 943194","Parbhani","Chhattisgarh"
919,"Bhatt Inc","Jason Jani","7731338388","aradhana26@basak.com","697, Chokshi Ganj, Kanpur-123154","Siliguri","Goa"
920,"Kaul-Ratta","Falguni Purohit","+915623970454","ugrewal@batra.com","H.No. 423
Kibe Street
Chandigarh 669123","Hosur","Punjab"
921,"Prakash-Sarraf","Nilima Radhakrishnan","00714474537","udarsh39@om.biz","H.No. 84
Desai Road, Barasat-310656","Bilaspur","Himachal Pradesh"
922,"Gera-Mangat","Dakshesh Srinivas","+911206569976","tsaini@deshpande.info","H.No. 681
Chaudhuri, Ambarnath-390611","Kottayam","Madhya Pradesh"
923,"Chandra, Dani and Padmanabhan","Ucchal Sha","8962644779","keerjatin@sekhon.net","69/086, Kala Street, Sangli-Miraj & Kupwad-727971","Nagpur","Sikkim"
924,"Palan, Agarwal and Comar","Megha Chokshi","08784940287","naikwarhi@dixit.com","44/216, Mitter Road, Bardhaman 310373","Ichalkaranji","Mizoram"
925,"Thakur-Tailor","Irya Nadig","05585787419","fbobal@bobal-minhas.info","464
Sant
Anantapur-882923","Sangli-Miraj & Kupwad","Bihar"
926,"Sen-Shukla","Ojasvi Kant","06059295326","siyanath@biswas.com","H.No. 602, Gour Nagar
South Dumdum-601304","Dhule","Punjab"
927,"Keer and Sons","Daksh Nadig","08039486248","mohantydalaja@maharaj.com","H.No. 94
Aurora Ganj, Kumbakonam-571299","Bilaspur","Haryana"
928,"Roy-Chacko","Faris Sarkar","7883019027","tanay18@randhawa.com","72/010, Sandal Path
Rajpur Sonarpur 809987","Shimla","Jharkhand"
929,"Khatri-Rout","Girik Lata","5224128608","samrateerth@dhar.com","56/46, Ahluwalia
South Dumdum 986645","Siliguri","Jharkhand"
930,"Gulati, Rajan and Mital","Anya Savant","02817116251","sankaranbimala@parekh.org","26/82, Bail Chowk, Bhavnagar-619337","Chennai","West Bengal"
931,"Gill, Goel and Sachdev","Imaran Balan","2855991125","jbhatnagar@sane.net","69/070
Sama Street
Saharsa 419246","Raurkela Industrial Township","Uttar Pradesh"
932,"Gupta-Dar","Dhruv Ravi","02646761884","dayamaisrinivasan@parikh-menon.com","957, Mistry Nagar, Kulti 652983","Darbhanga","Uttarakhand"
933,"Sur, Parekh and Sarraf","Ijaya Gaba","+914858696685","sinhaadvaith@chahal.com","H.No. 46
Desai Circle
Firozabad-538831","Bhopal","Sikkim"
934,"Dhaliwal, Arya and Pillai","Jai Cherian","8883879941","gwadhwa@sane-atwal.info","85, Mangal Street
Dewas 824564","Nagercoil","Maharashtra"
935,"Cherian PLC","Ekavir Murty","08449181047","kademanbir@som.com","H.No. 090, Agrawal Path
Chapra 258599","Saharsa","Tamil Nadu"
936,"Walla and Sons","Pranav Dada","9615565630","guneetraja@palla.com","H.No. 28, Sekhon, Jalgaon-378647","Tiruppur","Assam"
937,"Srinivas Inc","Warhi Chaudhary","0446149218","jatinsaxena@mistry.org","90
Choudhury Ganj
Amritsar-944456","Panchkula","Kerala"
938,"Misra Ltd","Falak Bala","+912151389861","benabhimanyu@dutt-minhas.org","12/68, Amble Nagar
Mirzapur 052746","Avadi","Meghalaya"
939,"Sharaf, Deo and Badami","Zaid Chowdhury","1535278236","haribachittar@madan-narang.info","H.No. 72
Grewal Zila
Ballia 142733","Bikaner","Punjab"
940,"Ramakrishnan-Pillai","Ayush Prabhakar","07118860030","nadkarnikalpit@sahni.org","685, Garg Path, Bellary-116221","Mango","Telangana"
941,"Gala Ltd","Charan Shukla","+919275967946","thamangaurangi@upadhyay-barman.com","H.No. 05, Varkey Chowk
Mirzapur-488069","Bhind","Rajasthan"
942,"Mangat Group","Ucchal Singh","+916188253312","hayreyoshita@chada-bir.com","43/15, Chowdhury
Allahabad 208024","Karaikudi","Assam"
943,"Ghosh Group","Urmi Rao","04412888010","ekaja01@bahri.org","08/97
Chana Ganj
Coimbatore 321274","Panihati","Meghalaya"
944,"Baral, Dada and Pillai","Girik Sibal","+918723562873","dyalforum@rajagopalan-kaur.info","H.No. 34
Grewal, Khandwa-113373","New Delhi","Arunachal Pradesh"
945,"Ravel, Hans and Walla","Lohit Patla","+914164388900","bishakha51@kalita.com","54
Korpal Nagar
Junagadh-203312","Anantapuram","Kerala"
946,"Vala-Bumb","Harrison Kumar","+913712921828","borahaditya@thakur.com","38/657, Prabhu Chowk, Akola 233912","Bhiwandi","Jharkhand"
947,"Dani-Banik","Teerth Thakur","01018486235","hsubramanian@dalia.info","70, Bath Circle, Gwalior-744621","Parbhani","Tripura"
948,"Srivastava-Dani","Lopa Biswas","+918139245901","zkaran@konda-tandon.com","55, Balasubramanian Chowk, Ulhasnagar-108660","Kochi","Tamil Nadu"
949,"Cheema Inc","Upadhriti Srinivasan","8952453531","divyajha@arya-roy.org","H.No. 590, Dalal Path
Baranagar-863103","Karnal","Gujarat"
950,"Murty PLC","Upma Memon","1960778116","zilmil83@ramakrishnan-rattan.com","57/19
Menon Street, Panvel 059842","Belgaum","Gujarat"
951,"Jain Inc","Shravya Khurana","3826595662","balvanbarad@luthra.com","H.No. 556, Swamy Nagar, Baranagar-833082","Bareilly","Andhra Pradesh"
952,"Kashyap-Saini","Anika Bansal","05738929689","merchantranbir@rama-jayaraman.com","18, Modi
Gopalpur-877964","Tinsukia","Karnataka"
953,"Bumb-Patla","Upkaar Sridhar","+914651345842","akshay27@baria.biz","29/56
Prabhu Nagar, Amroha 047668","Ghaziabad","Andhra Pradesh"
954,"Wable, Gera and Issac","Champak Narasimhan","06424186421","bachittarbuch@maharaj.net","61/83
Anne Ganj, Dhanbad-386805","Panihati","Madhya Pradesh"
955,"Ratti PLC","Samuel Atwal","07633907396","anirudh96@sarin.info","38/152
Dass Nagar, Bhiwani 841378","Ichalkaranji","Mizoram"
956,"Pandey, Garde and Rai","Ikshita Pradhan","3697533197","dmistry@chokshi.info","H.No. 70, Joshi Marg, Ludhiana 566181","Rampur","Arunachal Pradesh"
957,"Nigam-Shroff","Ayushman Bhatt","+910131998403","vsamra@loyal.org","H.No. 545, Sibal, Buxar-900971","Cuttack","Karnataka"
958,"Din Group","Banjeet Bath","4844628527","triveni12@buch.com","205, Dora, Gopalpur 925159","Saharanpur","Telangana"
959,"Chaudhary-Ahuja","Qushi Kumar","+915487717657","sgokhale@murty-ben.org","940, Sahota Road, Morbi 257635","Amroha","Tamil Nadu"
960,"Sachdeva-Agrawal","Chameli Contractor","+915848434696","golanathaniel@chakraborty.net","95
Kulkarni Nagar
Korba-618556","Raurkela Industrial Township","Chhattisgarh"
961,"Roy-Ganguly","Ikshita Lad","1627628325","upkaar63@karan.com","34, Dhillon Zila, Jalna-855288","South Dumdum","Odisha"
962,"Nath-Kant","Sarthak Mand","+913061932410","wchaudhary@venkataraman.org","H.No. 00, Raju Road, Ramgarh-524107","Rajkot","Sikkim"
963,"Edwin Ltd","Lohit Rattan","+910288126047","abeer54@sood.com","H.No. 73
Baria Street
Srikakulam-358330","Bally","Tripura"
964,"Warrior, Zachariah and Kaul","Niharika Krishnan","+916285615846","dayitasridhar@sharaf-modi.biz","52/139
Nori Circle
Khora -147610","Adoni","Himachal Pradesh"
965,"Gokhale, Gopal and Dhawan","Lopa Gola","1599862372","udas@more.com","H.No. 738
Lad Ganj, Ahmednagar-882826","Navi Mumbai","Arunachal Pradesh"
966,"Sekhon-Badal","Rehaan Sawhney","4959124100","vgandhi@srinivas-ray.org","69/794, Badal Ganj
Hyderabad 269796","Latur","Bihar"
967,"Banik and Sons","Yashasvi Viswanathan","5836536125","akeer@borde.com","51, Narula Marg
Pondicherry-844709","Dewas","Madhya Pradesh"
968,"Prabhakar-Nagar","Madhav Dey","04904024445","fiyaz26@tak.org","214, De Street
Machilipatnam 815118","Raebareli","Madhya Pradesh"
969,"Sampath Group","Kabir Zachariah","03032444950","jmemon@raja.com","138, Savant Street
Proddatur 478378","Faridabad","Uttar Pradesh"
970,"Rai, Dewan and Golla","Zinal Hora","+911991037212","zkale@raval.com","647
Sahota Zila
Faridabad 056598","Mau","Odisha"
971,"Kurian-Goda","Faris Baral","+916422589240","meerasura@maharaj.com","27, Pai Circle, Nagpur 394999","Ratlam","Telangana"
972,"Bajwa, Sandhu and Kala","Ekansh Yogi","+913017231600","eganesh@wason-doctor.com","58/472
Karan Ganj
Rourkela 490317","Tiruppur","West Bengal"
973,"Balay, Rout and Raman","Chandani Ramesh","03804391524","pillaythomas@parmer.com","30/256, Sengupta Circle, Hindupur 534018","Akola","Bihar"
974,"Pau and Sons","Henry Keer","6859179813","jeevika32@lad.com","599
Ravi Path
Bareilly 616239","Ambattur","Tripura"
975,"Walla, Kapur and Johal","Kashish Swamy","9074301918","falgunimagar@choudhary.com","91
Aggarwal Zila, Dindigul-848112","Mysore","Sikkim"
976,"Buch LLC","Lipika Choudhury","+911670193091","revaramanathan@naidu.net","H.No. 41
Pandey Street, Sagar 466022","Tenali","Himachal Pradesh"
977,"Aggarwal, Kashyap and Sekhon","Anya Chana","06355172945","minhaschaaya@agate.info","675, Zachariah Chowk
Secunderabad 434065","Bettiah","Arunachal Pradesh"
978,"Saran-Zacharia","Yahvi Chahal","05192631912","masteragastya@parikh.com","12
Yadav Circle, Erode-334873","Khandwa","Assam"
979,"Chacko, Kumar and Krishnan","Samarth Chandran","00418046211","jghosh@kade-mody.info","26, Narang, Ballia-146686","Gandhinagar","Madhya Pradesh"
980,"Lata-Subramaniam","Sai Varughese","00600355684","liladugar@chadha.com","03/30, Sarna Circle, Berhampore-412242","Danapur","Punjab"
981,"Nagar, Kaul and Thakkar","Vinaya Mahajan","+911244288690","manthankhatri@nadig.com","962
Dass Ganj
Nanded 006316","Anand","Gujarat"
982,"Andra PLC","Theodore Konda","00421376563","aarush21@issac.org","40, Halder Zila, Bareilly-868082","Bokaro","Gujarat"
983,"Nagy, Kamdar and Soni","Qabil Sarraf","06251083726","michael74@more-bassi.com","H.No. 512
Ganesan Ganj, Dhule 507530","Ongole","Telangana"
984,"Parikh, Nori and Shanker","Eta Bhalla","01257076024","chandani02@guha.com","21/553, Mistry Zila, Hyderabad 124015","Bahraich","Gujarat"
985,"Rama-Balay","Darpan Raval","09876619537","prisha33@handa.org","28/612, Kade Street, Shahjahanpur 028074","Kakinada","Madhya Pradesh"
986,"Karpe-Lall","Hritik Vasa","5132151946","nirjashanker@bhat-chahal.biz","H.No. 242
Rattan Zila, Allahabad 737134","Mahbubnagar","Assam"
987,"Mannan-Sanghvi","Gagan Kaur","1154074210","shivani42@bhargava.biz","65
Bala Ganj, Tezpur-457789","Fatehpur","Punjab"
988,"Tank Ltd","Baljiwan Kashyap","02812211547","aarav40@tiwari-misra.info","H.No. 70
Dara Ganj, Amaravati 234875","Rewa","Rajasthan"
989,"Pall LLC","Mugdha Mammen","0584625480","csem@chokshi-srinivas.com","15, Samra, Bhusawal-617941","Kolhapur","Mizoram"
990,"Narain Inc","Azaan Goda","07240921503","sanedev@bumb.info","H.No. 32, Bava Road
Bhilwara 071924","Bhimavaram","Kerala"
991,"Korpal, Manne and Rajagopal","Arin Vasa","+912242374846","xmadan@gupta.com","62
Dey Street
Nagaon 376453","Alappuzha","Punjab"
992,"Sehgal Ltd","Chakradhar Swamy","00390055330","nihal77@varghese.com","88
Narayan Road, Gorakhpur 178131","Tiruchirappalli","Manipur"
993,"Nagarajan Inc","Maanas Kant","03499322845","upanchal@modi-kar.com","29/84, Garg Circle, Salem 020218","Ghaziabad","Chhattisgarh"
994,"Kala and Sons","Ranveer Dave","6706309203","thakurvasana@panchal-aurora.info","104
Mutti Road
Kurnool-375262","Patna","Haryana"
995,"Wason LLC","Simon Pall","+911235208625","fkalla@palla.com","H.No. 522, Mander Circle, Jaunpur-450000","Sasaram","Haryana"
996,"Chaudhari, Andra and Sachdeva","Panini Sura","1462824842","parekhnaksh@sehgal.com","446, Ram Circle
South Dumdum-681933","Khammam","Maharashtra"
997,"Sawhney, Venkataraman and Lalla","Forum Narula","1191698366","harish54@gole.info","28/339
Mahal Zila
Udaipur-406460","Ranchi","Himachal Pradesh"
998,"Brahmbhatt-Mital","Rudra Sheth","+915343723277","mandgeetika@randhawa.com","631, Kale Path
Avadi-771240","Chinsurah","Karnataka"
999,"Suresh-Gandhi","Gayathri Luthra","+910722763781","harshgole@handa-narang.info","H.No. 59, Chaudhary Circle, Burhanpur-018493","Phusro","Punjab"
1000,"Mani-Ranganathan","Vinaya Varma","+914701786092","varkeyaarush@apte-kaul.com","H.No. 373
Bhattacharyya Road
Katihar 059679","Pudukkottai","Karnataka"
